-- MySQL dump 10.13  Distrib 8.0.22, for Win64 (x86_64)
--
-- Host: localhost    Database: snet0611
-- ------------------------------------------------------
-- Server version	8.0.22

/*!40101 SET @OLD_CHARACTER_SET_CLIENT=@@CHARACTER_SET_CLIENT */;
/*!40101 SET @OLD_CHARACTER_SET_RESULTS=@@CHARACTER_SET_RESULTS */;
/*!40101 SET @OLD_COLLATION_CONNECTION=@@COLLATION_CONNECTION */;
/*!50503 SET NAMES utf8 */;
/*!40103 SET @OLD_TIME_ZONE=@@TIME_ZONE */;
/*!40103 SET TIME_ZONE='+00:00' */;
/*!40014 SET @OLD_UNIQUE_CHECKS=@@UNIQUE_CHECKS, UNIQUE_CHECKS=0 */;
/*!40014 SET @OLD_FOREIGN_KEY_CHECKS=@@FOREIGN_KEY_CHECKS, FOREIGN_KEY_CHECKS=0 */;
/*!40101 SET @OLD_SQL_MODE=@@SQL_MODE, SQL_MODE='NO_AUTO_VALUE_ON_ZERO' */;
/*!40111 SET @OLD_SQL_NOTES=@@SQL_NOTES, SQL_NOTES=0 */;

--
-- Table structure for table `comments`
--

DROP TABLE IF EXISTS `comments`;
/*!40101 SET @saved_cs_client     = @@character_set_client */;
/*!50503 SET character_set_client = utf8mb4 */;
CREATE TABLE `comments` (
  `id` bigint unsigned NOT NULL AUTO_INCREMENT,
  `user_id` bigint unsigned NOT NULL,
  `post_id` bigint unsigned NOT NULL,
  `comment` text,
  `created_at` datetime DEFAULT CURRENT_TIMESTAMP,
  `updated_at` datetime DEFAULT CURRENT_TIMESTAMP ON UPDATE CURRENT_TIMESTAMP,
  PRIMARY KEY (`id`),
  UNIQUE KEY `id` (`id`),
  KEY `user_id` (`user_id`),
  KEY `post_id` (`post_id`),
  CONSTRAINT `comments_ibfk_1` FOREIGN KEY (`user_id`) REFERENCES `users` (`id`),
  CONSTRAINT `comments_ibfk_2` FOREIGN KEY (`post_id`) REFERENCES `posts` (`id`)
) ENGINE=InnoDB AUTO_INCREMENT=101 DEFAULT CHARSET=utf8mb4 COLLATE=utf8mb4_0900_ai_ci;
/*!40101 SET character_set_client = @saved_cs_client */;

--
-- Dumping data for table `comments`
--

LOCK TABLES `comments` WRITE;
/*!40000 ALTER TABLE `comments` DISABLE KEYS */;
INSERT INTO `comments` VALUES (1,24,52,'Queen was close behind her, listening: so she waited. The Gryphon sat up and throw us, with the strange creatures of her hedgehog. The hedgehog was engaged in a very humble tone, going down on their.','2011-10-11 00:56:01','2010-10-27 06:40:46'),(2,63,68,'I will just explain to you never even spoke to Time!\' \'Perhaps not,\' Alice cautiously replied: \'but I haven\'t had a vague sort of circle, (\'the exact shape doesn\'t matter,\' it said,) and then.','1974-10-31 08:13:15','2019-05-27 16:56:35'),(3,11,12,'KNOW IT TO BE TRUE--\" that\'s the jury-box,\' thought Alice, \'shall I NEVER get any older than you, and listen to her. \'I can tell you more than Alice could not even room for YOU, and no more to come,.','2007-12-17 10:46:15','1975-09-30 08:05:35'),(4,30,15,'Alice, who was sitting between them, fast asleep, and the Panther received knife and fork with a trumpet in one hand and a fan! Quick, now!\' And Alice was rather doubtful whether she could see her.','2016-08-04 17:45:16','1989-06-17 17:16:55'),(5,67,96,'She pitied him deeply. \'What is his sorrow?\' she asked the Mock Turtle replied in an offended tone, \'Hm! No accounting for tastes! Sing her \"Turtle Soup,\" will you, won\'t you, will you, won\'t you,.','2007-07-24 15:21:23','1987-05-11 23:50:10'),(6,83,69,'Please, Ma\'am, is this New Zealand or Australia?\' (and she tried to open her mouth; but she got used to call him Tortoise--\' \'Why did they draw?\' said Alice, very earnestly. \'I\'ve had nothing else.','2013-10-28 17:58:29','1972-09-03 21:57:40'),(7,62,54,'Alice thought she had to stop and untwist it. After a while she was terribly frightened all the children she knew that it had been, it suddenly appeared again. \'By-the-bye, what became of the.','1985-07-02 08:27:23','1999-05-06 05:39:28'),(8,15,35,'White Rabbit; \'in fact, there\'s nothing written on the shingle--will you come to the Dormouse, not choosing to notice this last word two or three times over to herself, and once again the tiny hands.','1989-06-02 02:00:33','2011-03-13 18:03:45'),(9,37,93,'King added in a solemn tone, \'For the Duchess. \'Everything\'s got a moral, if only you can have no idea what a dear little puppy it was!\' said Alice, very earnestly. \'I\'ve had nothing else to do, so.','1995-02-17 14:45:21','2018-03-07 17:13:39'),(10,17,66,'Rabbit\'s--\'Pat! Pat! Where are you?\' said Alice, rather doubtfully, as she went on, very much confused, \'I don\'t see any wine,\' she remarked. \'It tells the day and night! You see the Mock Turtle.','1982-10-07 13:06:29','1986-02-18 04:50:07'),(11,83,29,'When the sands are all pardoned.\' \'Come, THAT\'S a good deal to come upon them THIS size: why, I should like to show you! A little bright-eyed terrier, you know, with oh, such long curly brown hair!.','1987-10-11 19:00:39','2001-08-16 14:12:03'),(12,1,100,'Alice heard it before,\' said the Caterpillar. Alice folded her hands, and she trembled till she was dozing off, and that if something wasn\'t done about it while the Mock Turtle with a sigh: \'he.','1983-12-06 21:51:20','1970-04-06 11:50:08'),(13,49,30,'It\'s by far the most important piece of bread-and-butter in the air: it puzzled her too much, so she went slowly after it: \'I never went to work at once in a tone of this sort of thing that would be.','1982-12-13 04:11:22','2008-06-02 19:08:21'),(14,86,25,'Heads below!\' (a loud crash)--\'Now, who did that?--It was Bill, the Lizard) could not possibly reach it: she could not remember the simple rules their friends had taught them: such as, \'Sure, I.','2007-04-16 11:58:49','1976-05-27 23:47:18'),(15,97,93,'Cat again, sitting on a branch of a tree a few minutes she heard it muttering to itself in a sulky tone; \'Seven jogged my elbow.\' On which Seven looked up and walking away. \'You insult me by talking.','1975-06-28 07:39:44','1984-12-23 20:04:04'),(16,58,20,'March Hare. \'Yes, please do!\' but the Rabbit was no one to listen to her, one on each side to guard him; and near the door, and the arm that was lying on their slates, and she heard something.','2013-08-07 08:33:11','1981-11-02 18:16:45'),(17,44,20,'WILL do next! As for pulling me out of sight: then it chuckled. \'What fun!\' said the Hatter, and here the Mock Turtle: \'nine the next, and so on; then, when you\'ve cleared all the players, except.','1975-08-07 08:14:21','2008-12-08 15:51:15'),(18,88,54,'And she\'s such a subject! Our family always HATED cats: nasty, low, vulgar things! Don\'t let him know she liked them best, For this must ever be A secret, kept from all the arches are gone from this.','2008-03-30 07:07:37','2008-12-04 20:06:23'),(19,32,17,'They had not got into the darkness as hard as he came, \'Oh! the Duchess, it had grown so large a house, that she was now about a whiting to a mouse: she had succeeded in curving it down \'important,\'.','1999-06-06 18:33:12','2011-08-31 15:07:55'),(20,69,98,'Alice. \'And be quick about it,\' said Five, in a melancholy way, being quite unable to move. She soon got it out loud. \'Thinking again?\' the Duchess began in a few minutes it puffed away without.','1991-09-11 17:06:44','1998-02-16 01:31:42'),(21,12,52,'Queen. \'I haven\'t the slightest idea,\' said the Hatter were having tea at it: a Dormouse was sitting between them, fast asleep, and the m--\' But here, to Alice\'s great surprise, the Duchess\'s cook..','2005-02-02 00:21:06','1993-09-13 13:06:05'),(22,66,73,'Said he thanked the whiting kindly, but he could go. Alice took up the fan and gloves--that is, if I know all the things being alive; for instance, there\'s the arch I\'ve got to grow here,\' said the.','1980-07-16 12:15:57','2007-05-14 13:35:23'),(23,5,81,'The judge, by the Hatter, \'or you\'ll be asleep again before it\'s done.\' \'Once upon a little timidly, \'why you are painting those roses?\' Five and Seven said nothing, but looked at poor Alice, and.','1997-03-02 23:13:30','2000-11-08 04:55:24'),(24,8,41,'I\'ll try if I was, I shouldn\'t like THAT!\' \'Oh, you can\'t help that,\' said the Cat: \'we\'re all mad here. I\'m mad. You\'re mad.\' \'How do you know what \"it\" means well enough, when I sleep\" is the.','1980-04-01 21:25:55','2006-12-19 18:18:49'),(25,73,25,'And took them quite away!\' \'Consider your verdict,\' the King eagerly, and he says it\'s so useful, it\'s worth a hundred pounds! He says it kills all the creatures order one about, and make one quite.','1991-05-27 19:25:01','2011-01-04 16:43:41'),(26,7,56,'Alice\'s first thought was that she began again: \'Ou est ma chatte?\' which was sitting on the English coast you find a thing,\' said the Hatter. This piece of rudeness was more than that, if you could.','1995-12-31 04:10:05','1996-04-27 14:09:34'),(27,54,7,'And beat him when he sneezes: He only does it to the little door, so she set to work at once and put back into the book her sister was reading, but it did not sneeze, were the cook, and a long.','1988-05-16 16:30:22','1974-10-23 10:22:16'),(28,56,2,'Hatter. \'Stolen!\' the King exclaimed, turning to the baby, the shriek of the month is it?\' Alice panted as she could guess, she was in the morning, just time to go, for the end of the hall: in fact.','1972-12-01 08:10:39','1993-06-14 04:44:47'),(29,37,41,'Pigeon went on, half to herself, \'because of his great wig.\' The judge, by the English, who wanted leaders, and had no idea how to begin.\' For, you see, as they were nice grand words to say.).','2014-09-10 20:20:16','1997-09-20 00:59:16'),(30,27,33,'Mouse\'s tail; \'but why do you know the way I want to see you again, you dear old thing!\' said Alice, rather doubtfully, as she was ready to talk nonsense. The Queen\'s argument was, that she hardly.','1971-01-31 22:16:37','1975-12-28 20:45:38'),(31,33,84,'Cat, \'or you wouldn\'t keep appearing and vanishing so suddenly: you make one repeat lessons!\' thought Alice; \'I must be on the bank, and of having nothing to do.\" Said the mouse doesn\'t get out.\".','1993-02-20 21:43:16','1993-09-13 06:52:34'),(32,53,77,'Duchess, digging her sharp little chin. \'I\'ve a right to grow larger again, and went by without noticing her. Then followed the Knave of Hearts, she made out that the Mouse with an M, such as.','2017-07-23 00:09:00','1970-04-08 02:45:33'),(33,4,40,'Mouse only shook its head impatiently, and said, without opening its eyes, for it was the White Rabbit: it was quite impossible to say which), and they can\'t prove I did: there\'s no harm in trying.\'.','2000-07-29 15:38:55','1972-04-13 15:57:54'),(34,31,36,'Alice to herself, as she could even make out what it was: she was appealed to by the officers of the Mock Turtle, and said \'No, never\') \'--so you can have no idea what you\'re talking about,\' said.','1976-02-05 16:15:58','1999-03-27 18:50:00'),(35,57,100,'Caterpillar. Here was another puzzling question; and as the White Rabbit read:-- \'They told me you had been looking at the end.\' \'If you please, sir--\' The Rabbit Sends in a very good height.','1995-01-22 16:01:46','2009-12-26 04:04:30'),(36,33,68,'Alice had never done such a noise inside, no one could possibly hear you.\' And certainly there was hardly room to grow up any more HERE.\' \'But then,\' thought Alice, \'and why it is you hate--C and.','2002-01-24 14:32:09','2000-12-26 06:31:58'),(37,51,99,'She was close behind her, listening: so she set to work throwing everything within her reach at the end of his head. But at any rate it would feel very uneasy: to be a Caucus-race.\' \'What IS the.','1981-03-26 18:17:18','2004-12-17 19:45:15'),(38,41,55,'Mock Turtle in the sea, though you mayn\'t believe it--\' \'I never could abide figures!\' And with that she tipped over the wig, (look at the sudden change, but she gained courage as she did not like.','2004-10-22 05:16:43','2001-09-12 18:52:55'),(39,80,49,'OF ITS WAISTCOAT-POCKET, and looked at Alice, and she felt a little glass box that was trickling down his face, as long as I get it home?\' when it had gone. \'Well! I\'ve often seen a rabbit with.','1980-09-12 16:57:59','1994-06-06 03:55:00'),(40,96,53,'The March Hare was said to the door, and tried to open it; but, as the White Rabbit, jumping up and down in an undertone, \'important--unimportant--unimportant--important--\' as if she could even make.','2002-12-26 04:25:22','1973-03-21 09:42:42'),(41,73,2,'I used--and I don\'t put my arm round your waist,\' the Duchess was VERY ugly; and secondly, because they\'re making such a hurry to change them--\' when she had a pencil that squeaked. This of course,.','1999-05-05 07:38:56','1984-03-20 00:19:56'),(42,8,26,'Crab took the least notice of her or of anything to put everything upon Bill! I wouldn\'t be so stingy about it, you know--\' (pointing with his head!\' or \'Off with her face like the look of the house.','1998-11-22 03:45:07','1983-06-29 20:33:38'),(43,9,63,'WOULD twist itself round and swam slowly back to the general conclusion, that wherever you go to on the bank, and of having the sentence first!\' \'Hold your tongue, Ma!\' said the King. \'I can\'t help.','1974-11-22 06:36:00','2007-12-29 21:24:59'),(44,28,45,'Mouse only shook its head impatiently, and walked off; the Dormouse turned out, and, by the time when I was thinking I should think it was,\' the March Hare. \'Exactly so,\' said the others. \'Are their.','1981-02-11 00:42:14','1989-01-19 00:15:05'),(45,4,54,'Dodo managed it.) First it marked out a new pair of white kid gloves and a large plate came skimming out, straight at the picture.) \'Up, lazy thing!\' said the Caterpillar. \'Well, perhaps not,\' said.','1992-10-28 19:20:35','1976-09-22 18:14:42'),(46,78,36,'Alice, feeling very glad to get very tired of swimming about here, O Mouse!\' (Alice thought this must ever be A secret, kept from all the time at the Footman\'s head: it just at first, perhaps,\' said.','2003-04-30 23:00:33','1994-03-22 09:54:37'),(47,38,31,'ME\' beautifully printed on it but tea. \'I don\'t believe there\'s an atom of meaning in them, after all. \"--SAID I COULD NOT SWIM--\" you can\'t swim, can you?\' he added, turning to Alice, and sighing..','2008-08-01 16:36:29','1976-04-29 21:23:24'),(48,13,41,'Alice. \'Why, there they lay sprawling about, reminding her very earnestly, \'Now, Dinah, tell me the truth: did you manage to do it?\' \'In my youth,\' said his father, \'I took to the Queen, turning.','1977-06-23 16:28:09','1972-04-13 19:23:39'),(49,70,44,'King had said that day. \'That PROVES his guilt,\' said the Duchess, \'as pigs have to whisper a hint to Time, and round goes the clock in a hurry: a large pool all round her, about the crumbs,\' said.','2018-07-11 14:17:27','1989-05-27 23:06:59'),(50,76,26,'Alice remained looking thoughtfully at the end of your flamingo. Shall I try the whole party swam to the end of the house of the teacups as the question was evidently meant for her. \'I wish I hadn\'t.','2007-04-17 17:20:49','2011-04-15 23:23:10'),(51,43,9,'Bill,\' she gave her answer. \'They\'re done with a trumpet in one hand and a Dodo, a Lory and an old conger-eel, that used to queer things happening. While she was now the right way to fly up into the.','2016-10-14 09:23:18','1986-10-28 17:50:34'),(52,94,93,'Five, in a deep, hollow tone: \'sit down, both of you, and must know better\'; and this he handed over to herself, \'to be going messages for a minute or two she walked up towards it rather timidly,.','1992-03-03 03:56:52','1998-03-25 00:15:11'),(53,8,34,'I will tell you his history,\' As they walked off together. Alice laughed so much contradicted in her own courage. \'It\'s no business there, at any rate: go and get ready to agree to everything that.','1989-10-04 13:41:44','1972-04-09 17:16:58'),(54,48,87,'I!\' he replied. \'We quarrelled last March--just before HE went mad, you know--\' \'But, it goes on \"THEY ALL RETURNED FROM HIM TO YOU,\"\' said Alice. \'Exactly so,\' said the Gryphon. \'Do you mean by.','1981-12-30 01:00:41','2003-10-12 16:53:47'),(55,82,43,'Gryphon, and the words came very queer indeed:-- \'\'Tis the voice of thunder, and people began running about in the lap of her little sister\'s dream. The long grass rustled at her side. She was a.','2019-10-24 02:24:58','2012-01-23 19:49:50'),(56,39,55,'Alice as he found it so yet,\' said Alice; \'that\'s not at all know whether it was the White Rabbit, with a sigh: \'he taught Laughing and Grief, they used to say.\' \'So he did, so he did,\' said the.','2000-12-27 23:06:12','1988-07-24 15:00:48'),(57,45,47,'I wonder?\' And here poor Alice began telling them her adventures from the sky! Ugh, Serpent!\' \'But I\'m NOT a serpent, I tell you, you coward!\' and at last it sat for a minute or two the Caterpillar.','2012-01-24 08:54:22','1979-08-31 04:56:49'),(58,80,54,'Mock Turtle yawned and shut his eyes.--\'Tell her about the whiting!\' \'Oh, as to bring tears into her face, with such sudden violence that Alice had never before seen a cat without a grin,\' thought.','1994-04-02 19:51:04','1987-03-18 17:32:01'),(59,9,7,'Alice, very much confused, \'I don\'t even know what it was: she was ready to sink into the sky all the jurymen on to himself in an encouraging tone. Alice looked all round her, about four feet high..','2009-07-09 13:34:27','1989-05-20 03:54:07'),(60,99,13,'Alice had begun to repeat it, but her head through the glass, and she soon made out the verses the White Rabbit. She was a little way out of his Normans--\" How are you getting on now, my dear?\' it.','1985-09-06 03:33:44','1984-10-21 16:44:10'),(61,61,76,'There was a treacle-well.\' \'There\'s no sort of chance of getting up and repeat \"\'TIS THE VOICE OF THE SLUGGARD,\"\' said the White Rabbit with pink eyes ran close by it, and yet it was written to.','1999-07-13 12:36:28','1998-02-21 03:44:12'),(62,49,98,'Alice in a day or two: wouldn\'t it be murder to leave the room, when her eye fell upon a Gryphon, lying fast asleep in the pictures of him), while the Dodo could not taste theirs, and the.','1985-01-31 09:43:58','1979-09-09 04:51:45'),(63,6,61,'ME\' beautifully printed on it except a little sharp bark just over her head in the last time she found she had tired herself out with his nose Trims his belt and his friends shared their.','1988-01-07 04:27:57','1996-04-21 11:17:56'),(64,39,76,'France-- Then turn not pale, beloved snail, but come and join the dance? Will you, won\'t you, won\'t you join the dance? Will you, won\'t you, will you, won\'t you, will you, won\'t you, will you, won\'t.','1977-03-07 05:09:17','1996-05-12 06:20:50'),(65,4,15,'ME.\' \'You!\' said the Pigeon; \'but I haven\'t been invited yet.\' \'You\'ll see me there,\' said the Cat; and this was his first remark, \'It was the White Rabbit, who was beginning to feel which way it.','1995-10-03 16:26:51','2015-01-17 09:54:31'),(66,2,47,'Mock Turtle persisted. \'How COULD he turn them out with his head!\"\' \'How dreadfully savage!\' exclaimed Alice. \'And ever since that,\' the Hatter replied. \'Of course they were\', said the Mouse. \'Of.','2015-05-01 05:08:57','2010-08-26 23:45:30'),(67,24,95,'Hatter. \'You might just as the other.\' As soon as she could see, as she went on all the rats and--oh dear!\' cried Alice, jumping up in such long ringlets, and mine doesn\'t go in ringlets at all; and.','1993-07-19 12:14:16','1984-05-10 08:00:44'),(68,39,31,'I tell you!\' said Alice. \'Come, let\'s hear some of the words came very queer indeed:-- \'\'Tis the voice of the officers of the e--e--evening, Beautiful, beautiful Soup!\' CHAPTER XI. Who Stole the.','1970-10-11 18:02:32','2008-12-01 10:05:24'),(69,29,87,'Jack-in-the-box, and up the other, and growing sometimes taller and sometimes she scolded herself so severely as to go after that into a doze; but, on being pinched by the officers of the creature,.','1995-07-09 06:50:25','1978-08-22 09:28:30'),(70,18,11,'Mock Turtle recovered his voice, and, with tears again as quickly as she had never done such a thing before, and he went on, \'What HAVE you been doing here?\' \'May it please your Majesty,\' said Alice.','1992-04-19 11:13:00','1991-11-05 10:14:33'),(71,30,56,'Even the Duchess and the White Rabbit, who said in a more subdued tone, and she tried her best to climb up one of the house before she gave her one, they gave him two, You gave us three or more;.','1986-05-03 07:50:53','1985-02-04 09:10:56'),(72,65,74,'Gryphon, and all would change to tinkling sheep-bells, and the blades of grass, but she ran across the garden, and marked, with one eye; but to open it; but, as the hall was very glad to find it.','1998-01-05 22:04:54','1983-12-29 09:56:04'),(73,3,45,'I\'m grown up now,\' she added in a natural way. \'I thought you did,\' said the Duchess, \'and that\'s why. Pig!\' She said the Gryphon. \'We can do no more, whatever happens. What WILL become of me?\'.','2005-12-06 08:08:36','1997-07-10 18:26:55'),(74,28,11,'The Mouse did not dare to disobey, though she felt sure she would keep, through all her knowledge of history, Alice had learnt several things of this ointment--one shilling the box-- Allow me to.','2009-08-23 18:24:43','1977-03-29 15:28:28'),(75,52,26,'Queen say only yesterday you deserved to be two people. \'But it\'s no use denying it. I suppose you\'ll be asleep again before it\'s done.\' \'Once upon a time she went on eagerly: \'There is such a.','2020-04-19 04:10:56','2007-05-19 07:42:53'),(76,24,12,'Dodo, a Lory and an old Turtle--we used to say.\' \'So he did, so he with his nose Trims his belt and his friends shared their never-ending meal, and the baby with some severity; \'it\'s very rude.\' The.','1993-05-31 05:36:20','1994-03-23 19:52:26'),(77,1,72,'NEAR THE FENDER, (WITH ALICE\'S LOVE). Oh dear, what nonsense I\'m talking!\' Just then she had tired herself out with his nose Trims his belt and his friends shared their never-ending meal, and the.','1980-07-31 07:53:47','1988-07-14 18:11:59'),(78,10,7,'She got up and walking off to the heads of the Rabbit\'s little white kid gloves in one hand, and a piece of bread-and-butter in the sea. The master was an uncomfortably sharp chin. However, she soon.','2005-01-31 00:48:09','1995-10-25 19:49:32'),(79,32,49,'Northumbria--\"\' \'Ugh!\' said the Caterpillar took the regular course.\' \'What was THAT like?\' said Alice. \'Call it what you were all writing very busily on slates. \'What are you getting on?\' said.','1973-05-21 06:25:23','1978-02-06 16:40:53'),(80,82,36,'Then again--\"BEFORE SHE HAD THIS FIT--\" you never even spoke to Time!\' \'Perhaps not,\' Alice replied in an undertone to the door, staring stupidly up into the Dormouse\'s place, and Alice looked very.','1973-09-19 22:02:33','1999-05-24 02:59:11'),(81,64,84,'I do,\' said the voice. \'Fetch me my gloves this moment!\' Then came a little recovered from the time at the stick, and made another rush at Alice the moment how large she had finished, her sister on.','2015-01-18 04:26:27','1998-06-07 08:20:39'),(82,82,87,'Alice in a frightened tone. \'The Queen will hear you! You see, she came in sight of the mushroom, and her eyes to see that she let the jury--\' \'If any one of the country is, you see, as she was not.','1978-07-31 01:39:30','1983-12-16 19:02:57'),(83,79,21,'THIS size: why, I should like to be seen: she found she had plenty of time as she could even make out what she was not otherwise than what it was: she was walking hand in hand, in couples: they were.','2012-03-21 11:59:36','2011-12-14 05:25:08'),(84,18,7,'Mouse, in a tone of great relief. \'Now at OURS they had settled down again in a hurried nervous manner, smiling at everything that Alice had no very clear notion how delightful it will be much the.','1999-05-05 20:17:04','1977-04-11 12:11:04'),(85,7,35,'THE.','1996-12-19 05:11:55','2013-06-13 04:22:38'),(86,18,36,'Mock Turtle sighed deeply, and began, in a frightened tone. \'The Queen of Hearts, and I never understood what it was: at first she thought to herself \'Suppose it should be free of them with large.','1977-10-10 09:20:48','2011-11-05 11:50:57'),(87,91,82,'She hastily put down yet, before the officer could get away without being invited,\' said the White Rabbit put on your head-- Do you think I could, if I shall see it again, but it puzzled her too.','1976-03-19 00:12:26','1988-07-27 11:42:46'),(88,10,93,'The next witness was the cat.) \'I hope they\'ll remember her saucer of milk at tea-time. Dinah my dear! I shall have some fun now!\' thought Alice. \'I\'m glad they don\'t seem to be\"--or if you\'d rather.','1995-06-02 09:30:13','2002-05-09 11:11:45'),(89,27,38,'Queen, \'and take this child away with me,\' thought Alice, \'shall I NEVER get any older than you, and don\'t speak a word till I\'ve finished.\' So they went on eagerly. \'That\'s enough about lessons,\'.','1985-02-19 20:36:18','1990-04-26 16:23:58'),(90,4,78,'CHAPTER III. A Caucus-Race and a pair of white kid gloves: she took up the fan and two or three pairs of tiny white kid gloves in one hand and a Canary called out \'The Queen! The Queen!\' and the.','1988-09-03 12:28:08','1987-07-13 05:53:33'),(91,63,27,'Run home this moment, I tell you!\' But she went to school every day--\' \'I\'VE been to the jury, who instantly made a rush at Alice the moment she felt that she tipped over the jury-box with the.','1999-10-06 05:03:24','1985-08-13 02:00:52'),(92,90,64,'I must, I must,\' the King triumphantly, pointing to Alice for some time in silence: at last came a little shriek, and went by without noticing her. Then followed the Knave was standing before them,.','2013-01-28 02:07:27','2007-06-27 02:42:24'),(93,99,100,'Tillie; and they sat down and make THEIR eyes bright and eager with many a strange tale, perhaps even with the Duchess, it had grown to her full size by this very sudden change, but she had found.','2011-02-09 13:42:59','2006-04-28 23:54:53'),(94,70,30,'Duchess; \'and most of \'em do.\' \'I don\'t know what they\'re like.\' \'I believe so,\' Alice replied very politely, \'for I never was so long that they could not tell whether they were playing the Queen.','1986-11-02 18:46:09','2013-08-06 03:52:59'),(95,49,52,'Pennyworth only of beautiful Soup? Beau--ootiful Soo--oop! Beau--ootiful Soo--oop! Beau--ootiful Soo--oop! Soo--oop of the Mock Turtle interrupted, \'if you only kept on puzzling about it in time,\'.','1988-11-27 15:19:10','2017-09-20 06:00:41'),(96,66,12,'And the Gryphon in an offended tone, \'Hm! No accounting for tastes! Sing her \"Turtle Soup,\" will you, won\'t you, will you, won\'t you, will you, won\'t you, will you join the dance. \'\"What matters it.','1993-09-21 16:37:57','1978-09-11 15:07:15'),(97,35,47,'Alice took up the other, trying every door, she found herself at last she stretched her arms round it as a cushion, resting their elbows on it, and then all the jurymen are back in a tone of great.','2017-12-12 17:27:22','1988-01-01 22:10:40'),(98,99,13,'Alice; \'that\'s not at all fairly,\' Alice began, in a melancholy air, and, after glaring at her with large round eyes, and feebly stretching out one paw, trying to invent something!\' \'I--I\'m a little.','2009-07-12 23:58:38','1989-06-30 21:17:32'),(99,67,17,'Alice. \'You are,\' said the Duchess. \'Everything\'s got a moral, if only you can have no sort of meaning in it.\' The jury all wrote down all three dates on their backs was the BEST butter,\' the March.','2019-02-12 12:28:46','2007-06-18 21:16:07'),(100,20,74,'But there seemed to her daughter \'Ah, my dear! Let this be a LITTLE larger, sir, if you like!\' the Duchess was VERY ugly; and secondly, because she was getting very sleepy; \'and they drew all manner.','2013-01-01 20:47:10','1974-03-27 12:44:32');
/*!40000 ALTER TABLE `comments` ENABLE KEYS */;
UNLOCK TABLES;

--
-- Table structure for table `communities`
--

DROP TABLE IF EXISTS `communities`;
/*!40101 SET @saved_cs_client     = @@character_set_client */;
/*!50503 SET character_set_client = utf8mb4 */;
CREATE TABLE `communities` (
  `id` bigint unsigned NOT NULL AUTO_INCREMENT,
  `group_name` varchar(150) DEFAULT NULL,
  PRIMARY KEY (`id`),
  UNIQUE KEY `id` (`id`),
  KEY `group_name` (`group_name`)
) ENGINE=InnoDB AUTO_INCREMENT=31 DEFAULT CHARSET=utf8mb4 COLLATE=utf8mb4_0900_ai_ci;
/*!40101 SET character_set_client = @saved_cs_client */;

--
-- Dumping data for table `communities`
--

LOCK TABLES `communities` WRITE;
/*!40000 ALTER TABLE `communities` DISABLE KEYS */;
INSERT INTO `communities` VALUES (1,'PHP'),(2,'Planetaro'),(3,'Ruby'),(4,'Vim'),(5,'Ассемблер в Linux для программистов C'),(6,'Аффинные преобразования'),(7,'Биология клетки'),(8,'Древнекитайский язык'),(9,'Знакомство с методом математической индукции'),(10,'Информация, системы счисления'),(11,'Кодирование текста и работа с ним'),(12,'Комплексные числа'),(13,'Лингва де планета'),(14,'Лисп'),(15,'Математика случая'),(16,'Микромир, элементарные частицы, вакуум'),(17,'Московская олимпиада по информатике'),(18,'Оцифровка печатных текстов'),(19,'Реализации алгоритмов'),(20,'Регулярные выражения'),(21,'Рекурсия'),(22,'Русский язык'),(23,'Создание электронной копии книги в формате DjVu в Linux'),(24,'Токипона'),(25,'Учебник логического языка'),(26,'Что такое вычислительная математика'),(27,'Электронные таблицы в Microsoft Excel'),(28,'Эсперанто? Зачем?'),(29,'Язык Си в примерах'),(30,'Японский язык');
/*!40000 ALTER TABLE `communities` ENABLE KEYS */;
UNLOCK TABLES;

--
-- Table structure for table `friend_requestes`
--

DROP TABLE IF EXISTS `friend_requestes`;
/*!40101 SET @saved_cs_client     = @@character_set_client */;
/*!50503 SET character_set_client = utf8mb4 */;
CREATE TABLE `friend_requestes` (
  `initiator_user_id` bigint unsigned NOT NULL,
  `target_user_id` bigint unsigned NOT NULL,
  `status` enum('requested','approved','unfriended','declined') DEFAULT 'requested',
  `requested_at` datetime DEFAULT CURRENT_TIMESTAMP,
  `confirmed_at` datetime DEFAULT CURRENT_TIMESTAMP ON UPDATE CURRENT_TIMESTAMP,
  PRIMARY KEY (`initiator_user_id`,`target_user_id`),
  KEY `initiator_user_id` (`initiator_user_id`),
  KEY `target_user_id` (`target_user_id`),
  CONSTRAINT `friend_requestes_ibfk_1` FOREIGN KEY (`initiator_user_id`) REFERENCES `users` (`id`),
  CONSTRAINT `friend_requestes_ibfk_2` FOREIGN KEY (`target_user_id`) REFERENCES `users` (`id`)
) ENGINE=InnoDB DEFAULT CHARSET=utf8mb4 COLLATE=utf8mb4_0900_ai_ci;
/*!40101 SET character_set_client = @saved_cs_client */;

--
-- Dumping data for table `friend_requestes`
--

LOCK TABLES `friend_requestes` WRITE;
/*!40000 ALTER TABLE `friend_requestes` DISABLE KEYS */;
INSERT INTO `friend_requestes` VALUES (1,58,'requested','1989-11-27 11:19:51','2001-07-14 16:32:04'),(1,77,'declined','1975-01-19 06:25:09','1994-08-06 21:11:08'),(1,90,'declined','1987-05-01 00:52:36','1988-09-30 15:53:05'),(2,61,'requested','1979-06-04 08:54:45','2017-09-26 15:45:26'),(3,19,'approved','1994-11-22 10:36:25','1988-08-01 12:02:11'),(3,58,'declined','1985-10-30 18:53:34','2015-07-28 16:54:33'),(4,32,'declined','1973-01-16 07:31:48','2003-11-01 04:46:07'),(4,36,'declined','2003-03-04 02:32:06','1974-06-27 15:18:53'),(5,63,'approved','1994-03-31 13:33:41','2015-02-18 19:06:24'),(6,28,'requested','1976-10-02 05:20:39','2015-01-30 23:39:59'),(7,67,'unfriended','2003-09-01 23:57:43','1987-11-22 20:41:16'),(12,29,'approved','2017-02-26 22:26:55','2014-05-10 09:55:20'),(12,40,'approved','2015-12-02 11:15:04','2000-12-28 12:23:17'),(12,45,'declined','2010-06-13 01:18:08','1974-08-12 16:00:00'),(12,52,'unfriended','1986-10-06 21:53:26','1981-11-19 05:22:11'),(15,5,'unfriended','2017-11-16 05:21:03','2002-07-11 15:37:09'),(15,33,'requested','2013-06-20 19:25:20','2014-12-28 05:53:44'),(19,27,'approved','2005-06-28 13:56:21','1971-03-08 14:03:02'),(19,80,'requested','1979-11-02 13:26:05','1978-06-16 20:08:42'),(20,41,'unfriended','1988-01-13 18:32:53','1971-03-24 10:05:25'),(20,58,'requested','1977-12-31 10:08:42','2002-05-09 09:07:39'),(21,9,'declined','2013-06-06 04:25:07','2020-05-03 09:36:39'),(21,47,'requested','1994-03-02 02:51:53','1987-01-06 08:57:11'),(21,58,'unfriended','2012-05-21 00:12:56','2016-05-28 07:37:14'),(21,66,'requested','1992-03-16 08:17:28','2003-11-14 23:49:01'),(23,63,'unfriended','1987-02-19 14:21:16','1986-11-25 13:16:31'),(23,75,'declined','2004-06-03 07:55:46','2002-02-23 13:28:00'),(23,96,'unfriended','2003-05-25 02:48:02','1971-05-08 10:12:43'),(24,30,'declined','2006-08-18 07:20:26','1995-05-25 10:51:08'),(24,45,'declined','1977-07-13 03:23:17','1995-01-09 18:29:36'),(26,19,'declined','2014-11-26 21:05:05','1984-09-02 10:55:06'),(26,50,'unfriended','2001-08-13 14:19:55','1995-03-12 00:51:04'),(26,63,'declined','2017-10-13 01:45:48','1982-07-17 16:40:49'),(28,95,'unfriended','2009-05-20 14:07:23','1976-09-18 17:21:09'),(29,56,'requested','2012-06-23 04:47:57','1984-06-17 13:18:11'),(30,10,'unfriended','2017-02-06 22:20:23','1986-03-16 01:31:26'),(30,26,'unfriended','2016-12-09 12:24:33','2008-11-24 19:46:48'),(30,55,'requested','1986-11-24 05:11:30','2008-08-04 10:07:36'),(31,89,'declined','1986-07-24 01:52:45','1992-10-15 01:52:12'),(32,63,'unfriended','1986-07-13 22:47:15','2016-09-22 21:45:22'),(32,99,'approved','2020-05-03 01:42:17','1994-05-13 02:16:33'),(33,15,'unfriended','1995-06-26 03:17:26','1992-11-26 00:19:27'),(33,25,'requested','1998-08-02 13:19:01','2019-04-16 17:16:51'),(36,95,'approved','2014-09-30 04:30:05','2005-08-16 02:07:57'),(37,46,'unfriended','1996-03-21 17:15:06','2016-10-26 04:01:36'),(37,50,'unfriended','2006-08-06 07:28:47','1981-10-07 00:38:16'),(38,8,'requested','1987-09-21 20:09:08','1978-09-27 06:22:53'),(38,73,'requested','2000-05-09 20:50:19','2009-05-05 08:35:48'),(39,65,'declined','2007-05-08 08:29:41','1994-10-04 21:24:52'),(41,12,'approved','1999-01-28 12:23:29','1992-03-05 05:30:21'),(41,34,'requested','1989-12-31 00:43:23','1988-02-28 20:44:41'),(43,18,'unfriended','1994-04-21 13:19:47','2013-07-14 05:38:23'),(44,65,'approved','1989-10-09 15:35:10','1987-03-16 11:44:52'),(45,43,'declined','1978-02-18 19:41:14','1977-10-30 10:03:14'),(47,12,'declined','1974-10-27 17:44:11','1993-05-27 22:57:14'),(47,65,'approved','1989-08-17 18:14:11','1991-06-06 20:16:11'),(47,99,'declined','1995-03-01 15:46:13','2018-06-01 12:04:24'),(49,64,'unfriended','2014-11-17 09:19:36','2010-05-04 03:00:44'),(50,17,'approved','1997-06-02 16:29:53','2006-02-13 12:21:39'),(51,70,'declined','2015-06-05 00:05:40','1989-08-09 23:30:36'),(52,86,'declined','1971-02-09 18:42:50','1981-09-10 22:47:38'),(53,76,'unfriended','2002-11-04 18:13:24','1971-12-25 15:57:09'),(54,5,'declined','2005-11-06 08:43:21','2004-09-13 08:58:09'),(55,48,'approved','1987-07-15 13:49:44','2010-11-05 21:47:22'),(57,69,'approved','1984-06-18 15:24:44','1990-12-25 18:26:03'),(61,66,'unfriended','1980-03-10 20:46:53','1975-12-17 16:29:58'),(61,97,'declined','1970-10-11 13:23:28','2002-11-20 07:22:58'),(62,37,'requested','2000-02-11 13:00:58','1987-11-15 07:10:12'),(62,72,'requested','2002-07-01 18:53:43','2007-06-19 13:01:28'),(62,80,'unfriended','1990-04-02 22:30:11','1995-09-05 18:46:54'),(65,6,'declined','2001-10-22 05:27:52','1977-10-04 22:07:00'),(66,30,'approved','2001-11-09 14:29:01','1997-11-16 04:03:29'),(66,45,'declined','2004-12-13 22:03:15','1993-06-02 12:23:10'),(68,95,'declined','2006-06-29 03:33:37','1988-03-16 16:14:00'),(69,24,'approved','1975-08-12 18:21:56','2010-05-25 10:56:20'),(70,5,'approved','1973-02-08 11:47:08','1986-10-24 09:57:15'),(71,73,'declined','2019-11-22 07:15:48','1990-11-07 06:12:28'),(72,76,'approved','1978-03-30 05:57:36','2010-04-25 06:00:47'),(74,43,'approved','2009-07-05 07:51:04','1997-08-15 11:24:44'),(75,64,'declined','1996-02-17 19:16:12','2001-05-24 14:48:16'),(75,67,'approved','2019-01-11 00:17:17','1976-07-03 09:36:37'),(76,43,'approved','1977-12-21 09:35:30','2000-05-26 12:36:49'),(76,94,'unfriended','1989-10-03 20:53:18','2004-05-18 03:31:40'),(77,53,'declined','1988-03-09 12:22:24','1980-04-03 16:10:00'),(77,84,'declined','2020-10-08 06:56:03','2015-10-25 17:41:18'),(79,47,'declined','2018-06-21 15:29:58','1984-09-07 07:57:36'),(84,47,'unfriended','1987-11-13 13:38:42','2001-05-19 11:20:45'),(86,10,'approved','2013-03-03 18:36:25','2000-08-18 20:04:35'),(90,58,'requested','2004-09-04 20:00:54','1982-03-04 02:40:02'),(91,2,'unfriended','2020-03-03 23:03:43','2008-01-22 08:40:41'),(92,15,'approved','1999-03-09 04:23:43','1989-12-09 14:21:44'),(92,45,'approved','2012-03-28 22:25:56','1973-08-02 20:52:25'),(93,23,'unfriended','1985-10-03 23:33:34','2020-10-27 01:34:24'),(94,15,'unfriended','2017-07-31 10:05:21','2005-04-14 11:41:04'),(94,33,'requested','2002-06-22 15:20:45','1985-07-23 08:11:35'),(94,59,'requested','1998-01-09 13:19:23','1997-10-04 15:23:50'),(97,68,'declined','1999-01-12 03:20:04','1977-06-13 10:21:58'),(98,53,'unfriended','1994-11-04 23:28:55','2020-03-04 17:58:36'),(99,44,'unfriended','1989-09-25 03:51:07','2008-08-24 21:23:47'),(100,200,'requested','1975-01-19 06:25:09','2001-07-14 16:32:04'),(101,144,'requested','2003-03-04 02:32:06','2000-12-28 12:23:17');
/*!40000 ALTER TABLE `friend_requestes` ENABLE KEYS */;
UNLOCK TABLES;

--
-- Table structure for table `messages`
--

DROP TABLE IF EXISTS `messages`;
/*!40101 SET @saved_cs_client     = @@character_set_client */;
/*!50503 SET character_set_client = utf8mb4 */;
CREATE TABLE `messages` (
  `id` bigint unsigned NOT NULL AUTO_INCREMENT,
  `from_user_id` bigint unsigned NOT NULL,
  `to_user_id` bigint unsigned NOT NULL,
  `message_field` text,
  `is_read` tinyint(1) DEFAULT '0',
  `create_at` datetime DEFAULT CURRENT_TIMESTAMP,
  PRIMARY KEY (`id`),
  UNIQUE KEY `id` (`id`),
  KEY `from_user_id` (`from_user_id`),
  KEY `to_user_id` (`to_user_id`),
  CONSTRAINT `messages_ibfk_1` FOREIGN KEY (`from_user_id`) REFERENCES `users` (`id`),
  CONSTRAINT `messages_ibfk_2` FOREIGN KEY (`to_user_id`) REFERENCES `users` (`id`)
) ENGINE=InnoDB AUTO_INCREMENT=101 DEFAULT CHARSET=utf8mb4 COLLATE=utf8mb4_0900_ai_ci;
/*!40101 SET character_set_client = @saved_cs_client */;

--
-- Dumping data for table `messages`
--

LOCK TABLES `messages` WRITE;
/*!40000 ALTER TABLE `messages` DISABLE KEYS */;
INSERT INTO `messages` VALUES (1,59,46,'Perferendis eligendi quis minus laborum et qui. Sunt veniam impedit ut sunt dolores alias. Praesentium aut quidem et officiis qui vel.',1,'1993-02-05 05:39:56'),(2,14,14,'Rerum esse est laborum dolore ipsam ab. Voluptatibus omnis accusantium pariatur ipsam rerum. Id consequuntur qui nostrum iste ut eaque autem. Nobis molestiae at voluptas recusandae soluta sunt.',0,'1991-06-03 11:51:09'),(3,69,99,'Dolore veniam culpa occaecati autem nostrum quia. Quam aut deserunt eius id rem voluptatibus aspernatur. Numquam velit id perferendis soluta aut. Pariatur beatae perspiciatis ipsam animi.',0,'1975-12-27 00:31:08'),(4,51,75,'Eveniet tempore debitis alias ut. Aut maiores vel reprehenderit nemo velit. Et voluptates maxime earum. Eos consequuntur nesciunt recusandae sit et voluptatibus asperiores.',0,'2011-07-10 21:35:45'),(5,62,42,'Enim rem quod consequatur reiciendis delectus. Deleniti quo tempora expedita. Voluptatem magni dolor sint eius velit doloribus at. Voluptatibus omnis sequi voluptas sed aut. Facilis hic id quasi et.',0,'1970-07-26 13:22:30'),(6,65,99,'Quis blanditiis sit nihil illo. Unde rerum ut neque et animi. Doloribus excepturi soluta est corporis in.',1,'2010-02-08 07:23:18'),(7,84,96,'Libero temporibus voluptatem nemo porro non consequatur. Omnis cum ullam veritatis. Cum dolorem rerum deleniti ratione veritatis molestiae pariatur. In amet et ipsum cumque quasi qui ipsam.',1,'1986-09-11 02:12:18'),(8,25,1,'Tempore repudiandae iure ipsa et mollitia. Nihil eveniet non ullam reprehenderit cum. Minus alias corporis nihil dolorem possimus vitae.',0,'1995-12-23 13:50:13'),(9,87,27,'Consectetur officia dolores voluptatum aut. Voluptas dolores tempore et ut. Modi eum sit sequi voluptate et ut est mollitia.',0,'1991-04-20 13:12:02'),(10,94,6,'Odit commodi dolor ipsa. Alias officia atque velit. Eum voluptatum necessitatibus vel et.',1,'1978-02-23 09:11:48'),(11,31,66,'Commodi magnam pariatur quia ipsam modi. Enim rerum eos laborum non veritatis quos doloremque. Quia accusantium occaecati sapiente maxime consectetur eius dolor.',0,'1972-11-28 15:04:30'),(12,44,72,'Qui beatae molestiae similique amet. Commodi et omnis consequuntur fugit eos.',1,'2015-12-05 15:25:36'),(13,70,43,'Perspiciatis debitis sapiente exercitationem laudantium. Neque sed vel aut itaque enim pariatur. Veniam labore necessitatibus sint ut.',0,'2003-06-04 18:43:32'),(14,47,19,'Est dolor cumque delectus minima repellat. Quos consequatur veniam odio quidem. Sequi eveniet qui velit laboriosam necessitatibus omnis atque. Quia et enim nobis.',0,'1976-06-21 12:32:19'),(15,50,3,'Natus et in et ut id eos. Impedit voluptatem est necessitatibus modi et. Ipsam dolorem commodi ut dicta ab. Similique sint laboriosam enim et. Et quidem eius quidem non.',1,'2013-04-29 17:48:18'),(16,30,9,'Reiciendis doloribus ut qui distinctio modi hic. Necessitatibus excepturi placeat aut temporibus voluptates repellat velit exercitationem. Excepturi aperiam ex non recusandae voluptas officiis.',0,'2002-10-12 18:31:27'),(17,49,43,'Expedita consequatur nulla quas veniam asperiores ipsum iusto et. Quidem et tempora consequatur veritatis quam. Maxime aut esse labore aperiam et.',0,'2006-08-12 05:00:40'),(18,22,17,'Voluptates ut fugit laborum aut adipisci quia omnis. Consequatur adipisci voluptates voluptas architecto accusamus. Autem harum ut possimus molestias nemo deleniti.',0,'2004-11-28 15:15:39'),(19,42,73,'Et quas voluptatum et saepe. Enim maiores quas minus doloremque fugiat fugit laborum quis. Consequatur libero in veritatis et.',0,'1977-09-13 06:50:34'),(20,91,4,'Cupiditate velit veniam omnis tempora. Voluptatem atque quae est. Et dolor fugit enim.\nRatione eos aperiam facilis autem. Earum eum vel repellendus. Dolores ut delectus voluptatum enim.',1,'2010-06-08 01:03:06'),(21,14,56,'Et qui atque similique non libero non vel. Ipsum rerum sint doloribus nihil. Omnis officia voluptatibus ut debitis.',0,'1993-09-11 16:33:03'),(22,2,98,'Est officia repudiandae eius. Doloremque illum ut corrupti soluta quia ea culpa. Perferendis illo reprehenderit qui commodi quidem alias. Corporis nemo similique est et est.',1,'1995-10-13 19:08:55'),(23,51,27,'Rerum quia dolorem aut autem omnis est velit. Officia excepturi explicabo et. Aliquam odio fuga quia accusamus quis. Iste earum commodi veritatis et quis.',0,'1994-12-21 00:58:26'),(24,98,37,'Debitis vitae velit voluptatum enim. Vitae ad dicta vel consectetur alias est. Ea asperiores similique enim dolorum. Eos voluptate adipisci qui ut sunt.',0,'1996-08-04 17:12:44'),(25,53,92,'Rem molestiae qui ipsum est. Rerum quasi at et et consequuntur aut. Earum consequatur delectus maiores provident.\nEveniet voluptas consequatur porro. Aut quaerat qui non rerum non qui numquam.',0,'1988-09-15 08:01:02'),(26,43,83,'Quod consequatur eaque quibusdam repellendus. Earum dolorem doloremque labore earum inventore. Perspiciatis occaecati labore non qui tenetur illo.',1,'1973-03-01 21:44:59'),(27,57,87,'Repellat odio totam veritatis. Expedita enim suscipit placeat iure incidunt itaque. Aspernatur commodi sed autem et ad minus autem.',1,'1991-07-15 06:12:45'),(28,55,26,'Voluptate nam eligendi repellendus repudiandae mollitia doloremque. Quis harum est omnis tempore sit. Ex et quos nihil aliquid vel nam.',0,'2000-05-03 03:50:16'),(29,29,2,'Qui laboriosam aut distinctio molestias molestiae soluta dolorem. Qui vel distinctio sit ab. Explicabo facilis exercitationem eum quos minus rem.',1,'1988-02-12 07:12:12'),(30,44,79,'Ratione ex quo officia iure distinctio. Odio amet corrupti unde et et facere possimus commodi. Consectetur nostrum earum ea ut voluptatem assumenda. Sed iusto minima laboriosam.',1,'1994-03-25 22:59:51'),(31,4,74,'Sunt assumenda nulla qui accusamus laudantium iste rerum quidem. Tempora fugiat autem quos ipsa enim. Voluptatem in sit sed vitae aspernatur sunt.',1,'1974-01-19 03:47:09'),(32,88,52,'Itaque magnam aut ut at pariatur eaque. Quasi labore praesentium vel ex quos. Corrupti autem quaerat deserunt soluta.',0,'1984-04-10 18:15:13'),(33,16,10,'Rerum et quam quod qui porro fugit error. Fuga et nulla officiis dolor ducimus quia odio. Sequi non repellat sunt.',1,'1987-06-15 19:53:49'),(34,69,58,'Nesciunt quae autem sed odio ut. Ex recusandae dolor ut molestiae et. Blanditiis sed necessitatibus et ut molestias in maxime.',1,'2000-11-02 03:26:18'),(35,82,60,'Voluptatibus doloremque sequi ut laborum et. Dolorem et quae sit sit. Qui consequuntur cum maiores dicta ut esse culpa. Temporibus suscipit non aut et maxime delectus cupiditate.',0,'2000-04-21 03:50:26'),(36,61,96,'Iure quia iste ea consequatur et. Blanditiis quia rerum quos eum soluta fuga. Rerum eos non quisquam occaecati placeat voluptas. Ipsum officia ullam fugit et vitae consequuntur debitis.',1,'1980-04-03 04:11:15'),(37,15,62,'In vero labore error aperiam iure. Molestias id ea aliquam aliquid harum.\nMagnam beatae doloremque ea. Cumque laborum eveniet quod et atque est quos ab. Optio molestias ipsum inventore quaerat quo.',1,'2012-09-03 21:41:48'),(38,93,65,'Rerum ut velit rerum animi dicta enim. Occaecati sit minus recusandae deserunt reiciendis enim iusto. Voluptatem at sint ut corrupti. Quidem unde facere illo repudiandae officiis animi.',1,'2005-05-02 01:46:34'),(39,88,91,'Dolores sit est earum commodi. Nihil ea facilis eum enim in deserunt. Ut quae ut fugit aliquam est explicabo sed.',0,'2010-10-25 11:13:51'),(40,2,41,'Qui voluptatem qui possimus harum quia unde temporibus. Aut dolor eius quibusdam odit. Iste nihil distinctio natus reiciendis accusantium fuga.',0,'2016-06-14 05:21:25'),(41,82,45,'Dolorem rerum non praesentium molestiae qui dignissimos. Aliquid ipsa modi fugit est praesentium numquam. Error velit labore illum et.',0,'1973-03-02 10:54:04'),(42,24,39,'Temporibus tempore omnis quae cupiditate quod. Est fugit quia ratione expedita voluptatibus et omnis. Consectetur impedit possimus adipisci explicabo. Qui ipsum optio adipisci quis quaerat accusamus.',1,'1992-07-11 05:54:49'),(43,31,79,'Aut nostrum vel dolorem consequatur placeat. In sed dolores accusantium deleniti voluptatibus labore. Et nemo tenetur dignissimos quibusdam sit.',1,'2020-07-24 09:16:21'),(44,65,60,'Consequatur fuga consequatur praesentium quis. Odio animi impedit omnis ut. In autem adipisci itaque ratione voluptatem ut atque.',0,'2014-05-18 23:26:03'),(45,80,8,'Magnam non sapiente vel ut quod. Impedit debitis eum voluptatibus soluta rerum dolores. Saepe modi vero sint.',0,'1995-12-30 09:04:41'),(46,38,84,'Reprehenderit maxime eligendi in doloribus similique. Fuga aut enim quas ipsum voluptatem vero possimus et.\nVeniam aut qui maxime molestiae. Qui enim quasi vel.',0,'1974-11-06 08:14:06'),(47,81,25,'Nihil vel consequatur velit incidunt et consequatur. Incidunt culpa sunt corporis quis necessitatibus voluptatibus.',0,'1984-06-05 07:18:50'),(48,35,97,'Dolorum aspernatur saepe odio. Consectetur facilis eos voluptate voluptatem et doloribus. Incidunt ducimus quia aut nisi veritatis sed vel.',1,'2007-11-23 12:14:07'),(49,34,4,'Labore aliquid quia inventore nesciunt autem est voluptatem. Ut omnis consequatur qui nobis et. Eum officia numquam sed ut ullam laboriosam. Fugit nihil quas facere quo.',0,'1973-06-05 00:36:10'),(50,54,16,'Minus sunt nihil exercitationem facilis ducimus est. Ipsa ut eligendi consequuntur doloribus. Nesciunt optio nihil illo neque enim optio aut.',1,'2004-11-14 02:13:07'),(51,63,14,'Unde iste ab et vel tempora voluptatem pariatur. Omnis quae et voluptas animi pariatur est. Id cum voluptatem voluptatem necessitatibus excepturi non eveniet. Magnam adipisci non tempora aut aliquam.',1,'2007-04-09 14:31:14'),(52,11,77,'Aut officia quasi architecto eveniet unde ut nostrum. Aut natus veniam debitis omnis quas veritatis sit. Sit nihil et est magnam. Enim vel pariatur facilis eius molestiae suscipit magni.',1,'1982-02-25 08:53:04'),(53,76,4,'Facilis in nulla repudiandae alias. Harum est velit quam eius alias. Quis omnis qui dolore accusantium ut. Qui minus ut inventore est eos.',1,'2009-09-25 22:47:58'),(54,42,64,'Quas ut odio minus rerum laboriosam. Occaecati quas excepturi veritatis quia qui ea occaecati. Non omnis esse mollitia excepturi.',0,'1984-05-03 12:44:14'),(55,94,43,'Quas iusto officiis modi adipisci. Ullam eos ad ut consectetur laboriosam quia. Neque iste odio hic assumenda.',1,'1979-01-10 16:29:00'),(56,4,76,'Maiores consequatur laboriosam at voluptatem ducimus eligendi quis. Repudiandae est architecto qui veniam omnis quis.',1,'1979-11-27 12:39:06'),(57,87,28,'Qui iure et repudiandae et. Repellat aliquid aut eum est officiis hic eos eveniet. Eius quas optio commodi itaque magnam sunt.',0,'1970-06-10 04:07:17'),(58,14,17,'Illum exercitationem sint voluptas ut sit. Et asperiores rerum molestias rem eos officia. Blanditiis id nisi incidunt est earum nihil hic ex.',1,'1986-03-07 14:22:25'),(59,6,78,'Et nemo deleniti nemo modi eligendi. Harum quibusdam minus quod maxime sit. Veniam qui fugit minus hic eveniet ullam.',1,'1979-08-11 01:10:00'),(60,77,86,'Quia enim eius ab quidem. Velit soluta quae minus veniam.',1,'2012-08-16 03:44:00'),(61,86,14,'Fuga et ut in voluptate. Magnam et commodi autem nisi corporis nihil eum. Beatae necessitatibus ut ad nihil cum quae. Et necessitatibus molestiae accusantium.',0,'2000-02-17 04:50:21'),(62,69,67,'Cupiditate eos odit possimus ducimus suscipit. Maxime natus deleniti cum deleniti nihil. Harum perspiciatis ipsum nobis asperiores maxime sit pariatur et. Consectetur iusto optio aut ipsum.',0,'1997-01-25 11:03:14'),(63,39,4,'Dolores facere et et rerum in labore consequuntur. Voluptas nostrum et eum et. Necessitatibus illo dolorem ut sed laudantium. Provident beatae debitis facilis tempora.',0,'2014-08-27 18:39:23'),(64,63,73,'Consequatur illo expedita officiis optio. Corporis placeat ducimus ex dolorem est. Voluptas culpa esse cupiditate cum tempore.',0,'2009-11-08 07:58:11'),(65,7,17,'Qui delectus ab et magnam dolorem. Est autem blanditiis quia cumque. Ut corrupti in veniam et. In distinctio quia laudantium dolorum nesciunt id.',1,'1987-05-25 16:25:14'),(66,88,69,'Velit enim voluptatibus iste ad qui. In est sint reprehenderit et iusto consequatur. Ut libero laudantium in qui dolor recusandae.',1,'2007-12-01 05:55:23'),(67,30,98,'Incidunt fugit tempore consequatur vitae aspernatur ea. Et ut libero non vitae doloribus natus autem. Fuga aut atque cumque praesentium hic.',0,'1978-10-21 09:16:53'),(68,46,6,'Voluptas consequatur ipsa in hic expedita necessitatibus. Enim magnam quo dolore aliquam ab sed deleniti. Necessitatibus ut fugit id.',1,'2001-06-29 12:12:43'),(69,1,87,'Ab sunt aut iusto et rerum. Non incidunt aspernatur harum dignissimos repudiandae quia. Rerum dolorem sapiente et saepe natus. Explicabo qui amet doloremque tempora laudantium laboriosam hic.',0,'2019-08-02 15:17:42'),(70,69,94,'Veritatis et sequi sunt adipisci maxime. Ut id possimus voluptatem voluptatem eveniet dolores. Voluptatem aut aspernatur eligendi consequatur natus maxime et.',1,'2012-08-21 10:52:49'),(71,29,73,'Dolorum aliquid ex ut unde dolores quis. Delectus quam cum quia dolores neque alias accusantium. Ut aliquid quod odio. Et occaecati vel ipsa illo error exercitationem.',1,'1993-09-02 15:57:19'),(72,70,16,'Veniam aut voluptatum facilis rerum. Iure at sint rerum porro quia. Sed unde dolor aut excepturi dolores.',0,'1999-08-14 00:35:38'),(73,100,84,'Labore autem voluptas eaque pariatur maiores qui perferendis. Nostrum et ad sapiente qui ipsum enim quisquam. Voluptates et laborum ut.',0,'1975-08-03 02:38:13'),(74,33,6,'Aut voluptatem pariatur molestias nisi. Sunt dignissimos temporibus temporibus aliquam tempore sint similique quidem. Veniam natus enim perferendis tenetur.',0,'2005-12-25 08:36:33'),(75,61,9,'Voluptas enim aperiam sit eaque provident exercitationem labore. Odit labore ipsa consequuntur. Sit aspernatur possimus similique nesciunt nobis earum veniam.',0,'2015-11-07 04:14:35'),(76,91,47,'Tenetur enim id omnis veniam. Rerum sit qui unde qui delectus molestiae. Alias laborum voluptate est unde ut et. Qui error voluptas nam et ullam voluptatibus.',1,'1981-03-19 00:54:57'),(77,23,59,'Quas nam excepturi ratione aliquam accusamus. Tempora molestias qui non nam. Nesciunt non maiores est qui cumque.',1,'1982-09-06 12:45:02'),(78,13,61,'Ipsum qui sed nihil iste id ut et. Sunt perspiciatis non velit quaerat impedit laborum ut. Accusantium aut saepe autem necessitatibus consequatur omnis dolor. Minus sunt in cum rerum ullam et.',1,'1980-02-15 11:15:19'),(79,62,76,'At tempora et cupiditate aliquam fugiat vero atque aut. Necessitatibus quis sed nisi necessitatibus. Officiis facilis et dicta doloremque.',0,'1973-12-22 06:48:32'),(80,33,69,'Placeat sit voluptatem error. Et quaerat corrupti ut omnis non eveniet.',1,'1972-12-13 14:47:55'),(81,93,20,'Eaque error et non voluptatem sint. Quam amet rem reprehenderit unde et. Similique eos ut quas similique aut vel repudiandae. Ut pariatur eum veritatis et. Dolorem perspiciatis nihil provident quos.',1,'2002-06-02 14:49:33'),(82,38,23,'Itaque itaque fugiat fugiat pariatur non nesciunt. Tempora veritatis quasi cum voluptas. Asperiores corrupti et laborum cumque tempora est est ducimus. Quibusdam voluptatibus rem animi sed.',0,'1972-05-05 13:32:23'),(83,18,83,'Veritatis ut repellendus perspiciatis quasi fugiat nostrum. Aspernatur aperiam sit a magni nesciunt. Nesciunt fugiat voluptatem in amet laudantium atque ut.',1,'2015-06-11 21:11:20'),(84,28,18,'Ut harum at omnis ullam qui. Officia deserunt enim molestiae pariatur est et. Voluptates est omnis architecto maiores rerum omnis doloremque tempora.',1,'2001-12-10 09:23:11'),(85,69,97,'Numquam distinctio inventore ut. Necessitatibus molestiae nihil in impedit atque veniam et. Non consequatur libero velit autem magnam beatae. Et delectus itaque maiores rerum ab.',0,'2001-03-22 08:20:11'),(86,12,98,'Corporis accusantium et non est. Ut rerum officia ut perspiciatis. Harum voluptates cupiditate repellat iste dolores minus illum.',1,'1980-05-18 02:42:41'),(87,69,81,'Ipsam quod et dolores quaerat distinctio et qui. Qui exercitationem mollitia praesentium accusamus aliquid quo dolorem qui. In ut eaque possimus. Eaque beatae sapiente modi aperiam placeat.',1,'1988-05-10 01:01:43'),(88,14,69,'Perspiciatis fugiat non enim quas similique quia. Voluptatum ea incidunt enim. Et voluptatem omnis dolorem consequatur excepturi voluptas.',0,'1985-01-08 11:57:02'),(89,65,46,'Ut voluptatem provident fugiat consequuntur rerum. Similique eum corrupti qui sequi perspiciatis ut. Laborum tempora qui pariatur ratione pariatur.',1,'1973-09-09 23:47:04'),(90,74,26,'Dolorem asperiores deserunt maxime molestiae. Ut libero praesentium voluptatem rerum. Voluptas sit qui perferendis tenetur facilis sequi. Dolorem quod id placeat omnis sed officia facilis.',1,'2003-09-15 21:36:41'),(91,55,65,'Rerum id architecto debitis enim voluptatum est sit. Quia voluptatem aut culpa sapiente aperiam. Voluptas suscipit repellat doloremque nostrum natus.',0,'2011-02-17 20:08:43'),(92,72,77,'Neque dolor consequatur ullam voluptatem quia illum. Eos ducimus ipsam sunt hic. Quaerat ipsum magnam tempora est laborum corrupti.',1,'2012-12-08 06:28:37'),(93,23,85,'Rerum in soluta fugiat ut. Est quas eum est sit architecto. Possimus voluptatem esse quam pariatur.',1,'1976-09-28 23:38:11'),(94,38,85,'At voluptatibus voluptatem maiores corrupti et et. Voluptatum aperiam perferendis necessitatibus consequatur. In maxime ea accusantium totam.',0,'2008-12-31 05:22:37'),(95,61,70,'Libero molestiae architecto ut officiis ut animi fuga. Dolor nihil incidunt dolorem voluptas repellendus. Dolor minima explicabo magni ratione minus iste voluptatem.',1,'1992-10-18 05:02:21'),(96,53,53,'Sit ut et mollitia facilis neque commodi incidunt. Debitis corrupti eveniet porro perferendis qui. Eaque distinctio aut quo provident exercitationem. Impedit sunt ut consequatur labore.',1,'1986-05-12 16:51:07'),(97,90,91,'Quas qui et deserunt consectetur velit aut velit. Illum omnis et non.',0,'1970-11-29 06:40:06'),(98,75,7,'Et fugit hic qui et dolores quisquam dolorem. Voluptatem recusandae nihil qui porro nam iste.',0,'1992-08-01 05:02:52'),(99,73,3,'Qui aliquam quia quos et et sed et. Quod repudiandae nulla est qui nulla nisi. Quas quia veritatis enim voluptatem. Explicabo exercitationem quam reprehenderit.',1,'2010-02-10 05:41:56'),(100,25,42,'Dolores praesentium sequi quaerat cumque. In inventore voluptas et itaque. Saepe et aut delectus minima cumque. Autem quam aut saepe porro iure.',0,'2012-06-09 22:03:20');
/*!40000 ALTER TABLE `messages` ENABLE KEYS */;
UNLOCK TABLES;

--
-- Table structure for table `photos`
--

DROP TABLE IF EXISTS `photos`;
/*!40101 SET @saved_cs_client     = @@character_set_client */;
/*!50503 SET character_set_client = utf8mb4 */;
CREATE TABLE `photos` (
  `id` bigint unsigned NOT NULL AUTO_INCREMENT,
  `filename` varchar(200) DEFAULT NULL,
  `user_id` bigint unsigned NOT NULL,
  `description` text,
  `created_at` datetime DEFAULT CURRENT_TIMESTAMP,
  PRIMARY KEY (`id`),
  UNIQUE KEY `id` (`id`),
  KEY `user_id` (`user_id`),
  CONSTRAINT `photos_ibfk_1` FOREIGN KEY (`user_id`) REFERENCES `users` (`id`)
) ENGINE=InnoDB AUTO_INCREMENT=101 DEFAULT CHARSET=utf8mb4 COLLATE=utf8mb4_0900_ai_ci;
/*!40101 SET character_set_client = @saved_cs_client */;

--
-- Dumping data for table `photos`
--

LOCK TABLES `photos` WRITE;
/*!40000 ALTER TABLE `photos` DISABLE KEYS */;
INSERT INTO `photos` VALUES (1,'8',74,'Autem vel excepturi libero magni itaque dolor fugiat voluptatibus. Aut inventore aperiam quasi exercitationem est sit assumenda. Ducimus eligendi cupiditate rerum et quia aut.','1977-02-01 06:20:03'),(2,'4',21,'Eligendi mollitia nostrum corporis eos et velit. Rerum est quo quis suscipit est cupiditate omnis et.','1979-07-25 10:32:44'),(3,'1',46,'Omnis quia nostrum voluptatem inventore. Deleniti et atque est hic quo modi. Perspiciatis in sed iure rem exercitationem aperiam. Eum modi eos consequatur.','1991-10-26 14:04:36'),(4,'7',24,'Sint consequatur voluptatem est nostrum. Et rem et reiciendis autem impedit deserunt harum. In aspernatur libero et occaecati excepturi eaque ea.','1988-04-23 12:11:57'),(5,'6',81,'Et et accusantium mollitia quia ipsum nihil. Molestias sed eum quo harum autem voluptas. Ut earum soluta voluptatibus delectus non vero fuga. Nobis sit sapiente porro omnis.','1996-09-02 08:05:02'),(6,'6',37,'Unde recusandae temporibus est quidem animi quibusdam itaque. Non occaecati neque aut vitae. Veniam praesentium et accusamus excepturi tempore laborum. Possimus nobis ut et omnis et beatae.','2006-02-04 03:07:02'),(7,'3',75,'Earum eligendi sed consectetur quia. Aut dolorem ut nam consequatur et rem.','1986-01-09 18:08:08'),(8,'9',48,'Placeat a iure vitae modi maxime necessitatibus ad non. Hic pariatur earum repellendus tenetur voluptatibus. Fugiat hic odio placeat odio quibusdam similique pariatur.','2004-12-08 13:10:20'),(9,'2',18,'Necessitatibus hic et eligendi assumenda. Dolorem architecto velit officia ab incidunt. Sit provident laborum sint aut laudantium et occaecati. Ullam consectetur est necessitatibus nesciunt.','1975-08-11 20:42:28'),(10,'2',53,'Dolor tempora voluptatibus voluptatem accusantium. Eos deleniti quia magnam accusantium perferendis.','2017-01-23 04:00:18'),(11,'8',33,'Vel sapiente sint et ipsam corporis fugit repellendus architecto. Laboriosam doloremque et ea veniam. Voluptas laudantium voluptatem aut neque doloribus deleniti pariatur. Aut adipisci cupiditate omnis recusandae dolore temporibus ullam.','2014-09-27 00:08:12'),(12,'9',77,'Suscipit molestiae aut quasi pariatur commodi deleniti aut rerum. Minus atque unde non qui architecto est autem. Ipsam est expedita amet voluptatem. Odit dolor omnis nisi.','2016-08-27 15:42:41'),(13,'5',65,'Sint libero qui aut dolor pariatur. Deserunt sapiente autem est dignissimos natus. Asperiores aut esse numquam quo quia perferendis dolor. Cum eaque consequuntur maiores consectetur facilis veniam quo.','1984-12-16 20:45:36'),(14,'',57,'Illo aut molestiae vel sint ex et ut dignissimos. Deleniti doloremque incidunt aliquam quis delectus sit et. Ipsam quas odio temporibus at quasi eius. Laboriosam laudantium nam aperiam qui ducimus officiis quia.','1994-09-12 09:57:31'),(15,'4',74,'Velit ea excepturi dolor autem. Rerum autem temporibus et ex nostrum qui. Rem qui in aut hic fugit fuga itaque.','1994-02-23 23:11:57'),(16,'1',92,'Quis dolore molestiae asperiores adipisci aut veniam iure. Non porro quisquam ullam quia rem dolor. Sit pariatur est neque est voluptas. Distinctio velit ullam odit numquam doloremque natus.','1990-09-23 21:04:15'),(17,'9',45,'Et non qui dolores rerum dolorem fugiat. Cumque quibusdam sit eum earum sint quis. Voluptas enim quos magnam explicabo quis quam odio.','1975-07-10 22:08:46'),(18,'4',1,'Fugit nemo cupiditate voluptate qui nihil animi. Aut voluptatibus pariatur excepturi voluptatem nemo ut.','1996-12-06 08:57:53'),(19,'',100,'Et culpa voluptatum ut. Labore qui est a est molestiae nobis et. Et repudiandae dignissimos dolorem nam. Porro quisquam voluptatem facere at voluptatibus dolores quod.','1977-02-09 19:48:11'),(20,'4',36,'Reprehenderit eius a quia deserunt ea ullam voluptas. Similique sint corporis deleniti hic ipsa. Id nisi repellat adipisci debitis. Quia quibusdam deleniti ea non.','1985-09-25 05:04:48'),(21,'2',39,'Veritatis sunt qui quia odit consectetur iure. Aut architecto eum voluptas rerum quisquam.','1973-02-17 11:47:17'),(22,'8',25,'Architecto aut repellendus amet quia dolor laudantium qui. Accusamus consequatur assumenda quis voluptatibus vel iure possimus. Sit fuga ut explicabo rerum molestiae. Recusandae aspernatur voluptatum quam sit atque ad voluptatem.','1984-06-05 18:52:29'),(23,'5',33,'Sed rerum rerum dignissimos quo perspiciatis odio aut in. Id occaecati veniam voluptatem quibusdam consequatur magnam iusto vel. Sed ipsa ea sit officia. Consequuntur velit animi asperiores et modi.','1973-01-29 05:12:14'),(24,'7',73,'Voluptatem earum sequi ut molestiae. Dolor nostrum qui et rem eligendi vitae voluptatem reprehenderit. Debitis ullam error dignissimos inventore ipsam asperiores veniam ipsum. Non sed dolores expedita in.','2015-07-06 17:15:26'),(25,'2',12,'Ipsam minima repellat dolores dignissimos odio. Corrupti consectetur libero eos laborum eaque est. Voluptatum sunt et et.','1986-06-20 13:13:06'),(26,'1',100,'Velit omnis et dignissimos nihil aut repellat placeat. Rerum veniam voluptates asperiores impedit eos sit id. Minus molestias sapiente voluptas quia.','1996-06-27 23:27:56'),(27,'4',19,'A sunt maiores modi. Placeat neque ipsum et blanditiis. Laudantium repellat qui culpa porro.','1999-11-06 13:22:32'),(28,'5',19,'Sunt et veniam quis omnis minus eligendi. Fugiat suscipit consequatur ut voluptas corrupti. Voluptatem architecto dolorem doloremque odit officiis. Corporis molestiae ab distinctio.','1980-12-30 06:07:02'),(29,'6',53,'Minima voluptas dolores exercitationem sunt. Delectus et et repellat ut optio. Illo corrupti dolor voluptas voluptas.','2000-07-01 06:54:15'),(30,'7',15,'Animi in veniam maxime in ipsam id consequatur. Repellendus delectus explicabo totam quibusdam quidem et quia magni. Aut culpa molestiae qui nemo. Perferendis iste ut qui ipsam qui voluptas quibusdam.','1982-10-28 11:35:16'),(31,'7',62,'Quisquam eligendi aut repellendus maiores. Quasi provident praesentium magni aliquid distinctio similique. Qui voluptatem sunt autem ipsum exercitationem assumenda. Facere asperiores quo sed ex earum est a.','1970-07-22 03:57:25'),(32,'',26,'Ut temporibus minus aperiam amet. Rerum quasi non praesentium placeat numquam.','2001-03-29 14:27:56'),(33,'',35,'Fugiat aliquam perspiciatis voluptates iure perferendis. Quo voluptatem voluptate quia quam. Incidunt voluptas omnis autem aut qui. Voluptate dignissimos accusamus est laborum quos natus delectus.','1980-03-27 03:53:42'),(34,'7',7,'Excepturi rem asperiores maiores praesentium quia. Ducimus optio ducimus non commodi. Omnis aut voluptas molestias. Eius sit est asperiores deserunt est rerum. In sint laudantium quas eligendi sequi ut.','2005-10-11 05:10:37'),(35,'9',50,'Ullam exercitationem non quis sit facilis qui. Doloribus amet consequatur libero. Ut ipsam veniam ratione veritatis qui similique et neque. Voluptas natus laborum veniam et ab consequuntur perspiciatis.','2017-02-25 21:11:30'),(36,'4',16,'Nisi amet doloremque eaque et. Quis ullam error unde dignissimos esse ratione quisquam. Eius iste laboriosam qui qui. Suscipit sed dicta voluptas est qui quasi est.','1998-11-22 05:41:10'),(37,'2',44,'Consequuntur perferendis sed molestias aut numquam id minima. Repudiandae quia natus aperiam vitae iure ut. Laborum veniam corrupti at ut saepe omnis delectus. Et placeat aut quidem aut.','1975-06-17 07:50:07'),(38,'6',24,'Odit modi nisi quasi id fugit saepe. Impedit quia mollitia vero fuga. Odio et hic alias inventore et quia dicta adipisci.','1983-10-22 23:33:14'),(39,'9',63,'Et atque accusantium perferendis veniam. Doloremque autem eius voluptates numquam et. Quis dolor voluptatum laudantium ut. Ut magnam enim nihil ea officia magnam tenetur. Adipisci saepe omnis repellat corrupti et.','2002-12-10 10:03:17'),(40,'4',62,'Cum fugiat excepturi quia id qui laudantium aut. Blanditiis dignissimos recusandae tenetur omnis aut rerum illum. Voluptatibus sint cum modi itaque.','2011-03-29 14:39:38'),(41,'9',76,'Suscipit quia in adipisci perferendis dolor ut. Et voluptatem ut fugiat quia. Sed quia est ducimus itaque.','1995-12-04 15:55:03'),(42,'',95,'Hic vel est non ducimus ut. Eveniet nobis aspernatur tenetur quia dolorum totam corrupti. Quia numquam id facilis in et non. Voluptatibus cumque officia laudantium qui nesciunt nostrum voluptatum.','1980-11-23 03:31:54'),(43,'',38,'At et nihil provident. Quibusdam et unde atque dolores. Architecto consequatur quas non soluta fuga. Ducimus sit dignissimos et hic quo. Perspiciatis qui occaecati expedita est.','2016-03-23 05:48:52'),(44,'6',41,'Rem quo non ea sequi tenetur quo hic. Magni pariatur eveniet illum perferendis eligendi cupiditate. Id odio eaque non odio eum tenetur.','2001-08-29 06:14:49'),(45,'8',51,'Quo dolor dolores hic rerum et esse. Deleniti quia nihil soluta dolorem sit soluta harum enim. Porro esse veritatis exercitationem soluta voluptas eius.','1995-11-03 13:38:56'),(46,'6',11,'Et voluptatem saepe quos natus quia quo ut ea. Esse nam voluptatem aut voluptas officia. Qui odio impedit rem explicabo veniam illo. Illo unde aspernatur ea inventore. Quos et possimus perferendis rem ab nobis.','2016-04-07 18:25:31'),(47,'6',33,'Magni aliquam quasi voluptatem. Deleniti neque odio ut veniam nesciunt ut est.','2001-11-17 20:09:33'),(48,'4',96,'Suscipit facilis repudiandae explicabo harum et beatae. Voluptatem non quia quis necessitatibus adipisci suscipit. Eum omnis unde ut magnam consequatur.','2017-06-05 13:08:51'),(49,'4',12,'Sapiente et qui voluptas iste non ipsam. Molestias porro et aliquid asperiores. Corrupti eligendi repellat quia provident nesciunt aut. Soluta qui modi a tenetur provident.','1998-01-06 11:27:46'),(50,'',32,'Enim perspiciatis tempora voluptate. Temporibus ipsa odio est accusantium. Enim maxime minima a officia.','1970-04-13 01:26:52'),(51,'9',31,'Minus reprehenderit alias adipisci rem esse laboriosam. Voluptate voluptatibus harum consequuntur reiciendis assumenda voluptatum ut voluptas. Est debitis eligendi debitis ipsam. Voluptatem sint aut consequatur qui eius quia. Ut dolorem saepe tenetur excepturi aut.','2020-04-24 02:00:45'),(52,'5',50,'Vel dignissimos quod illum sed qui quisquam sapiente. Doloremque et quia reprehenderit maxime est porro voluptas. Dolor officia atque quas adipisci omnis soluta. Dignissimos adipisci velit vitae perspiciatis error consequatur.','2002-03-05 13:22:49'),(53,'',57,'Consequuntur enim laborum assumenda. Quidem magni laboriosam quos ipsam et maiores adipisci. Magnam ut perspiciatis quia quis. Quisquam nam molestiae minus quo qui qui dolorem. Ut eos vitae ex optio et.','2006-12-28 19:53:34'),(54,'9',64,'Sequi magnam natus autem voluptas sapiente modi velit. Et reprehenderit asperiores voluptates non facilis. Minima enim ullam accusamus architecto sint nesciunt aut.','1996-11-26 06:00:27'),(55,'2',23,'In debitis laborum est expedita architecto eos eos molestiae. Minima iste quia quia voluptatem. Nemo quis facere nihil facere.','1980-11-15 18:47:27'),(56,'8',69,'Alias odit dolor sit et maiores sit nihil et. Recusandae reiciendis repudiandae exercitationem odit iusto. Aut ut a voluptatibus ut odio est harum omnis. Velit odio ipsam facere cupiditate.','1970-08-10 13:10:48'),(57,'4',64,'Dolorem vel incidunt fugiat. Commodi accusantium tenetur quae sed sint rem aperiam. Dolore qui nostrum adipisci placeat. Est cumque dicta illum aut labore veniam.','1973-11-21 14:31:58'),(58,'8',41,'Et sit veniam cumque. Id fugiat fugit quaerat qui voluptates non expedita ducimus. Excepturi dolor voluptates voluptatibus voluptatem enim.','2010-05-02 21:36:33'),(59,'7',87,'Fugiat rem quis qui id quos facere. Impedit aut et id assumenda dolores. Laborum laudantium quod illo aliquam et facere magni.','1992-10-07 05:26:50'),(60,'8',16,'Adipisci quis perferendis nam magnam. Sit eligendi magnam saepe odit quis. Ut accusamus rerum possimus. Praesentium distinctio laborum voluptas ab dicta qui. Consectetur ipsum et rerum impedit.','1999-10-27 02:04:21'),(61,'',55,'Qui et rerum voluptatem suscipit. Aut non corrupti numquam blanditiis aut alias qui soluta. Pariatur quo sequi porro eligendi consectetur occaecati molestias. Facilis ut qui impedit ullam sit.','1997-03-14 13:57:09'),(62,'',49,'Id quaerat quia quae enim est. Laboriosam voluptas doloribus at et voluptas minima eligendi eveniet. Et necessitatibus labore distinctio sit est voluptatem.','1988-01-16 05:30:11'),(63,'2',41,'Distinctio aut corporis aut sint. Consequatur quae dolor cum quos. Quos doloremque similique sed aliquam eveniet. Itaque in laudantium porro accusantium tempore illo porro.','1997-03-17 19:35:30'),(64,'',90,'Voluptate voluptatum voluptate sunt nihil magni consequatur provident. Ratione laboriosam quisquam dolor tempora qui in et. Quas rem error eum. Dolorem quia cumque nesciunt quis.','2004-05-05 20:34:23'),(65,'4',55,'Non quisquam et modi laudantium. Exercitationem ut maiores ratione expedita ea sapiente aut est. Qui aperiam debitis doloremque similique possimus.','1989-08-03 20:26:42'),(66,'2',90,'Earum pariatur qui ut animi et aut. Quia amet distinctio incidunt. Fugit odit quae consequatur tenetur fugit quia ipsam.','1993-03-07 14:27:20'),(67,'3',6,'Voluptas et totam quibusdam impedit quibusdam vero enim. Cupiditate dolores qui repudiandae ut asperiores ex. Rerum aut dolor ea.','2018-11-06 01:40:36'),(68,'1',99,'Iure dolorem amet facere autem illum sit. Totam ut et et doloribus nesciunt et laboriosam. Fugit sunt sit aut velit consequatur.','2003-06-06 12:43:33'),(69,'6',14,'Non sapiente qui amet iste voluptas accusamus a. Autem et recusandae eos adipisci cupiditate quas. Odit molestiae a excepturi officia adipisci magnam. Et cupiditate nihil et consequatur ducimus nisi deleniti.','1987-10-04 19:57:16'),(70,'4',68,'Et qui quidem alias et qui autem veniam. Sequi voluptatem nisi nihil perferendis dolor maxime qui. Enim non debitis nemo. Iste quo quia in quibusdam quidem iste.','2006-07-20 01:33:18'),(71,'',60,'Quam et blanditiis eum molestiae possimus pariatur nihil. Maiores nobis quibusdam a hic et. Accusantium asperiores enim id maiores praesentium laboriosam maiores. Fugiat necessitatibus minima eligendi perspiciatis at autem nam non.','2010-02-28 11:44:19'),(72,'7',90,'Voluptatem est sequi rerum non qui possimus. Quo odit autem sequi aspernatur et voluptatem ex. Hic enim maiores veritatis quia quasi. In et qui sint aut.','2011-10-01 12:25:17'),(73,'3',63,'Est rerum blanditiis facere. Quisquam aut reiciendis dolorem facilis fugit. Reiciendis consequuntur dolores sunt ea cumque facere. Exercitationem non possimus magni quas sunt impedit.','2007-08-17 04:28:24'),(74,'9',97,'Expedita in fugiat dolor accusantium explicabo nesciunt voluptatem enim. Maiores qui perspiciatis at et recusandae hic cum. Quasi sequi esse repellat at rem ipsam quia et.','1992-07-31 10:24:50'),(75,'3',30,'Voluptatibus velit ratione molestiae. Aspernatur rerum nemo aut dolores et unde.','1982-06-15 13:58:13'),(76,'5',14,'Similique eum eaque ut qui esse nostrum praesentium. Minima rerum sapiente voluptas et ullam quia dolorem. Culpa sint laborum est.','1971-12-25 16:13:02'),(77,'1',8,'Maiores occaecati sit quo non delectus beatae. Beatae earum sit nobis. Blanditiis recusandae doloribus at fugit accusamus accusamus aperiam. Molestiae officiis fugiat voluptatem accusamus.','1971-07-14 17:43:01'),(78,'6',63,'Temporibus rerum consequuntur facilis nostrum et dolores. Omnis ex sit atque maxime sit minima. Et sit consequuntur quidem esse dignissimos tempora aspernatur. Neque voluptas voluptate quia est voluptate voluptatem.','1997-08-23 10:48:54'),(79,'6',10,'Non tempore quibusdam et consequatur omnis fugit provident. Repellendus consequatur praesentium perspiciatis dolore occaecati. Vero est soluta et et.','2018-12-26 02:43:12'),(80,'8',19,'Aut consectetur beatae doloribus aperiam dicta illum eius. Fuga nesciunt possimus id veniam. Eius dolore repellat delectus vitae vel. Quos perspiciatis voluptatum nostrum aspernatur ea earum.','1996-02-23 03:44:28'),(81,'3',95,'Quia velit nemo doloribus et. Culpa sed nostrum vel harum. Voluptatibus quidem quia odit eum est.','1988-12-25 07:45:32'),(82,'5',41,'Voluptates nemo enim fugit soluta perferendis laudantium id. Optio non eum quaerat. Optio et voluptas sed sunt sunt vitae nihil.','1987-04-24 05:13:12'),(83,'6',68,'Sed ut natus ut nihil enim quas qui nulla. Dolor voluptatibus tempore ut. Et occaecati quo magnam ea labore recusandae.','1981-12-23 18:47:36'),(84,'8',51,'Voluptatem expedita aut nobis est quia ut adipisci sit. Maxime sint quo porro ea qui dolorem optio. Neque quia debitis recusandae suscipit. Sed ut distinctio eligendi tempore voluptate ea sint repellat.','1986-08-28 15:20:58'),(85,'2',5,'Nisi nihil optio commodi sapiente vel aperiam. Quisquam sint aliquam pariatur totam. Voluptatibus ratione dicta voluptatibus sint et dolor. Sequi et sint deserunt. Quia laudantium asperiores architecto sequi cum aut et eius.','1985-06-23 14:16:13'),(86,'1',90,'Accusamus ipsa numquam quia minus eum labore. Cum quaerat rerum ex quis vero illum necessitatibus. Repellat repellat et quis delectus. Architecto doloremque maxime mollitia iusto dolor sit.','1984-03-28 20:57:36'),(87,'4',20,'Exercitationem rerum dolore velit quis et. Placeat officiis similique et enim dolor eos nemo. Nostrum dolores sit doloremque dolorem dolores praesentium.','1974-01-17 06:23:36'),(88,'4',68,'Voluptatibus rerum alias aut aut perferendis ipsam ducimus. Distinctio sed cupiditate provident rerum. Reiciendis consequuntur iusto molestiae fugiat incidunt velit nisi. Recusandae et vel quisquam et.','1979-04-25 11:31:04'),(89,'3',31,'Laudantium debitis amet rerum dolore vel autem. Esse repellendus quaerat omnis voluptate.','1971-05-15 04:36:47'),(90,'8',7,'Est adipisci nemo voluptate sed. Illum et nihil quidem itaque. Modi asperiores optio aut ut praesentium voluptatibus.','2014-01-20 06:10:41'),(91,'4',84,'Sit labore ut incidunt repudiandae illo aspernatur. Quia similique non optio repellendus. Omnis officiis in debitis at unde.','1986-09-06 23:05:17'),(92,'7',85,'Veritatis quidem reprehenderit voluptas. Sequi quis non exercitationem rerum odit enim odio odit. Quis soluta unde cum possimus. Fugiat et quisquam id vel.','2007-07-29 05:05:18'),(93,'8',55,'Tempore illum in deserunt repudiandae quam natus. Natus optio provident aut aut autem ut autem enim. Autem debitis aliquam autem molestias iusto et. Iste in ut incidunt temporibus numquam nam aut.','1992-12-26 03:53:25'),(94,'5',25,'Consequatur enim magni et sunt eaque corrupti aut eos. Illo aut ullam praesentium voluptatem alias neque necessitatibus. Autem sapiente eum non debitis aut est omnis. Quo sunt enim qui dignissimos velit beatae magnam quaerat.','1998-01-26 04:28:38'),(95,'4',75,'Incidunt voluptas ex laboriosam aliquid ex. Quia inventore accusantium aut consequuntur. Itaque labore sint qui quasi veritatis sunt non. Et sed quaerat nemo impedit.','2012-12-22 14:02:51'),(96,'4',10,'Fugiat optio doloribus nemo magni illum. Consequatur nostrum pariatur quia voluptate assumenda eum quis. Suscipit magnam exercitationem ut rerum in exercitationem qui. Voluptatibus dolor consequatur soluta similique beatae.','1998-04-02 10:15:47'),(97,'5',14,'Sint saepe possimus repellendus in. Molestias aut et maxime quae.','2005-10-10 05:27:32'),(98,'6',80,'Ducimus voluptatem reprehenderit et eos aperiam sunt. Est earum possimus quidem dignissimos deserunt quasi. Molestiae exercitationem facere ea labore distinctio.','1974-10-13 14:59:52'),(99,'8',9,'Quibusdam ducimus perferendis eum optio laborum magnam. Officia architecto eligendi illum quia laboriosam.','2003-05-29 08:35:37'),(100,'',28,'Quaerat corrupti modi voluptas sit quidem culpa enim adipisci. Nobis consequuntur est enim et amet. Vitae voluptatem alias totam ratione sunt.','1989-09-23 15:37:45');
/*!40000 ALTER TABLE `photos` ENABLE KEYS */;
UNLOCK TABLES;

--
-- Table structure for table `posts`
--

DROP TABLE IF EXISTS `posts`;
/*!40101 SET @saved_cs_client     = @@character_set_client */;
/*!50503 SET character_set_client = utf8mb4 */;
CREATE TABLE `posts` (
  `id` bigint unsigned NOT NULL AUTO_INCREMENT,
  `user_id` bigint unsigned NOT NULL,
  `post` text,
  `created_at` datetime DEFAULT CURRENT_TIMESTAMP,
  `updated_at` datetime DEFAULT CURRENT_TIMESTAMP ON UPDATE CURRENT_TIMESTAMP,
  PRIMARY KEY (`id`),
  UNIQUE KEY `id` (`id`),
  KEY `user_id` (`user_id`),
  CONSTRAINT `posts_ibfk_1` FOREIGN KEY (`user_id`) REFERENCES `users` (`id`)
) ENGINE=InnoDB AUTO_INCREMENT=101 DEFAULT CHARSET=utf8mb4 COLLATE=utf8mb4_0900_ai_ci;
/*!40101 SET character_set_client = @saved_cs_client */;

--
-- Dumping data for table `posts`
--

LOCK TABLES `posts` WRITE;
/*!40000 ALTER TABLE `posts` DISABLE KEYS */;
INSERT INTO `posts` VALUES (1,66,'Praesentium magnam ab nobis sint magnam repudiandae. Commodi tempore quia nulla reprehenderit. Neque voluptatem reiciendis voluptas voluptatibus. Accusamus iusto tempora incidunt asperiores.','2001-10-14 12:30:53','2008-08-13 04:00:13'),(2,21,'Suscipit totam praesentium magni rerum. Amet ex voluptatum a unde laborum. Molestiae omnis incidunt laboriosam sunt quaerat et.','2011-05-07 08:54:53','1982-10-22 04:42:59'),(3,91,'Illum magni dolorum omnis labore facilis beatae. Enim amet consequatur sunt sequi velit.','1989-02-21 18:11:19','1982-04-23 20:57:02'),(4,75,'Dolor provident expedita aut et ab. Labore eaque ducimus accusantium et eos. Minima recusandae ipsum ea similique.','1991-03-13 14:56:23','2013-07-31 16:26:47'),(5,65,'Cupiditate animi enim harum cum et vel et. Nesciunt aut fuga perferendis assumenda et fugit. Possimus at similique nobis corrupti delectus.','2010-08-26 06:45:51','2002-10-31 19:12:34'),(6,62,'Maxime id totam totam at impedit qui et. Sint non eum quaerat consequatur. Sequi ipsum sequi omnis facilis velit nam rerum. Qui alias debitis minus illo dolor laboriosam.','2019-07-14 14:33:54','1974-08-04 05:09:07'),(7,100,'Tenetur reiciendis nam sunt mollitia. Magnam cupiditate fuga dolores iure. Illo esse et aut veritatis. Magnam voluptatum qui vel qui.','2017-07-20 18:43:05','1976-10-17 06:18:30'),(8,75,'Quia quibusdam aut aut et ullam. Praesentium eum et praesentium dolorum illum. Quas saepe magni dignissimos est alias aut nostrum.','2014-05-16 17:04:14','2000-04-25 16:26:50'),(9,43,'Aut voluptas voluptatem quos maiores. Voluptatem consequatur voluptas sint magni voluptatem reiciendis ducimus. Pariatur nesciunt aut quisquam iure non. Rerum alias dolores harum tempora.','1972-04-01 02:59:01','2004-06-27 13:16:50'),(10,33,'Rerum unde minima suscipit facilis illo fuga. Illo rerum placeat sint laboriosam aliquam. Repudiandae pariatur id hic qui enim ut iusto.','2002-11-18 06:04:38','2002-09-03 18:35:14'),(11,4,'Quidem necessitatibus ullam dolorum voluptatum rerum sed. Eveniet distinctio deserunt cum laboriosam.','2016-09-25 00:24:06','1982-10-04 09:17:11'),(12,41,'Iure sapiente aut deleniti quis iusto. Velit omnis repellat architecto voluptatibus doloremque tenetur nihil. Sed reiciendis iure quo.','2017-05-23 09:41:21','1984-06-18 02:24:28'),(13,72,'Nam nulla praesentium quibusdam non hic. Aut id sed tempora accusamus. Amet ut illo accusantium enim. Molestiae nisi consequatur sapiente corrupti est omnis adipisci.','1972-08-13 01:35:05','1991-12-16 10:33:46'),(14,56,'Quidem tempora architecto ut dolor. Quia incidunt labore a alias. Ut ipsa sed molestiae.','2005-06-22 00:36:07','1971-10-17 01:02:25'),(15,41,'Veritatis ratione neque eaque nemo minus temporibus. Quia quia non magni qui. Doloribus earum vitae omnis quo et ut inventore. Sed omnis sed vero quas.','1995-04-19 04:53:45','1987-02-26 12:09:20'),(16,49,'Sint eaque aliquid officiis qui odit unde et. Totam tenetur quia autem quo. Hic ipsum nobis consequuntur voluptatibus.','2002-03-10 18:35:07','1994-04-30 13:27:37'),(17,33,'Porro numquam non ea dolorem et et porro et. Et minima porro nobis fuga aut accusantium. Quas voluptatem distinctio odit perferendis autem.','2002-08-07 18:39:18','1988-07-23 20:19:49'),(18,1,'Sit blanditiis aut in necessitatibus quam aut sint. Itaque excepturi velit tempore adipisci. Magnam nobis perferendis provident autem iste et. Consectetur asperiores illo velit sequi tempora.','1989-05-24 04:48:23','1973-07-19 12:00:30'),(19,65,'Minima est voluptatem voluptas reiciendis dolore totam voluptas. Qui cupiditate ad pariatur quia aspernatur molestias. Non enim ipsam eum eum qui.','2016-08-03 02:25:00','1986-12-01 23:32:55'),(20,79,'Nostrum provident id non fuga est itaque id. Ut ullam et facilis facilis atque quia quod. Error eius debitis tenetur vel quis libero. Blanditiis qui veniam placeat labore rerum vel omnis.','2010-10-28 10:58:55','1994-12-21 17:48:43'),(21,6,'Perspiciatis est consectetur culpa totam et qui. Illo sed velit error. Ipsam dolor assumenda corporis rem mollitia. Quo minus natus similique quo. Qui libero assumenda consectetur praesentium.','2009-10-05 16:24:06','2010-10-29 05:37:03'),(22,54,'Et assumenda natus ratione similique aut explicabo dignissimos. Non eius recusandae nostrum laboriosam laudantium quae. Ut expedita beatae aut id.','1990-11-29 07:13:44','1994-10-05 12:07:41'),(23,5,'Sapiente qui excepturi quae recusandae alias nesciunt. Consequatur nulla delectus delectus nemo sed eius labore dolorum. Cumque qui omnis quae molestias officiis et.','1995-07-01 11:59:43','1974-07-15 09:02:52'),(24,8,'Fugiat non quasi et esse assumenda eligendi occaecati. Accusantium aut sed facere consequuntur. Voluptas aliquam ut ullam aut ea est dolorem.','1984-05-29 11:22:07','1973-06-19 16:23:50'),(25,54,'Quia eligendi fugit ipsam. Ut recusandae velit exercitationem dolore facere. Ea odit ut sed porro.','1981-11-19 06:52:47','2009-12-31 21:06:37'),(26,3,'Non iste quod aperiam qui reprehenderit. Eum et delectus cumque et odit. Consequatur quidem et excepturi. Et ea ipsam est est recusandae fugiat explicabo.','1990-06-11 08:26:39','2002-03-08 02:57:38'),(27,54,'Eligendi soluta distinctio optio voluptatem. Reiciendis odit voluptas commodi. Autem et est voluptas id numquam. Mollitia illum mollitia nihil.','1989-07-21 07:38:02','2002-05-30 15:31:30'),(28,16,'Id ab sed et veritatis perspiciatis. Rem dolorum et quos. Ab sed architecto perspiciatis incidunt. Aut id qui voluptatem.','1994-03-13 15:04:48','1978-03-24 03:40:39'),(29,6,'Esse repudiandae non expedita consequatur. Fuga aliquam assumenda magnam occaecati. Qui ea cum tenetur qui.','2005-05-10 10:42:49','1972-11-22 13:11:21'),(30,88,'Quaerat voluptatem perspiciatis asperiores facilis. Voluptas molestias non officiis et id. Sit velit magni magni ea in ab earum.','1971-03-01 20:46:08','1990-09-12 19:44:51'),(31,4,'Repellat velit expedita ipsum nesciunt. Nulla voluptas sapiente ducimus sequi ut earum. Repudiandae quos architecto ea distinctio ipsam.','1980-12-15 18:02:26','1978-07-19 09:52:47'),(32,71,'Quisquam et sit molestiae qui. Porro earum quis rerum consequatur eum velit velit. Suscipit quidem similique ad aut ea fugiat ex. Voluptate et vitae in consequuntur.','1977-05-20 10:48:46','2014-11-25 09:42:29'),(33,8,'Et harum aperiam officia harum quo. Consequatur id porro veritatis quam praesentium. Sapiente aut quasi voluptas et praesentium sed dolor. Nesciunt quas quas quibusdam quis vel.','2000-03-30 22:43:17','2012-04-11 09:31:42'),(34,94,'Inventore at earum consequatur vero dolorum. Suscipit deleniti ratione soluta alias ex quidem. Consequatur voluptatem ullam id aut voluptate. Deleniti ex non neque quia.','1989-07-26 17:56:44','2020-03-01 01:14:01'),(35,46,'Qui est nam perferendis labore quos ipsum animi. Eum et velit id ratione qui autem. Ut quae officia aperiam omnis blanditiis. Quidem eos similique voluptatem earum ducimus.','1975-04-17 21:39:16','1987-07-13 02:56:33'),(36,73,'Non quia nam ut odio. Quos iusto consequatur autem nobis voluptate quod officia minus. Consequatur dolor quam omnis.','2003-04-10 03:51:49','2007-11-21 20:21:21'),(37,55,'Aut ut voluptas ab quia pariatur eius blanditiis. Ab saepe molestias esse nihil. Omnis in odit voluptas tempore. Et id facilis odio adipisci ut nostrum velit.','1995-01-22 03:38:56','2002-03-14 13:52:12'),(38,45,'Alias non explicabo excepturi omnis aspernatur optio deserunt. Similique expedita velit consequatur quos nobis minima ut. Doloribus exercitationem animi sit cum atque voluptas voluptatem.','2019-03-05 22:14:59','1984-10-25 05:01:26'),(39,48,'Officia culpa dolor repudiandae. Temporibus quis nobis commodi facilis cum voluptas sit. Inventore rem est quam velit. Excepturi sed non iste doloribus.','2002-02-18 03:24:20','1985-11-27 05:43:13'),(40,98,'Sed sint atque porro aut qui quos. Qui voluptate sed maiores assumenda.','2013-05-29 00:20:02','1986-02-26 15:42:18'),(41,78,'Id sint voluptatem omnis et. Consequuntur dolorem libero rerum totam illum. Eligendi tempora ea ut non expedita perspiciatis.\nSit cupiditate qui est illum et id. Qui minima voluptate et occaecati.','2003-11-30 14:42:51','2018-10-05 05:17:47'),(42,51,'Provident vero ullam assumenda eos corporis. Ex id dolor accusamus est iure tenetur rerum. Ab ab ad itaque nostrum commodi nesciunt. Porro et molestiae esse voluptatibus et aut harum eum.','1972-09-14 13:59:47','1976-07-07 11:34:44'),(43,38,'Saepe maxime et possimus nesciunt nisi ex qui. Quae necessitatibus aliquid magni fugiat. Reiciendis aut doloremque odio alias aut laudantium.','1986-08-27 17:40:54','2002-04-23 22:12:29'),(44,49,'Provident amet saepe vitae magni perferendis sunt dignissimos. Minima facilis explicabo officia. Et ullam quo cumque. Sunt harum alias similique voluptatem.','1982-06-18 18:35:30','1985-11-25 15:41:26'),(45,7,'Quas eos sed repellendus et quisquam non facilis repellendus. Animi at enim vel. Rerum nam quam quas voluptatem veniam rerum. Et vitae nulla reiciendis aut laudantium cum explicabo.','1992-06-20 20:07:25','2008-03-23 10:02:10'),(46,79,'Eos consequuntur aliquid ut aperiam suscipit. Natus totam voluptate quibusdam. Sit odit minus odit dolor laboriosam voluptatem nostrum.','1986-12-16 01:53:30','1999-02-19 05:02:09'),(47,98,'Quae error et laudantium itaque illum ducimus. Provident omnis nisi magni possimus tempora. Est soluta unde beatae eos voluptatem ea.','1977-12-20 21:10:23','2013-06-15 00:41:29'),(48,40,'Nemo incidunt a eligendi voluptas rerum consequatur. Et sit iure sed expedita fugit. Tempore voluptatem neque nihil veritatis dolorem. Sapiente ut aspernatur qui.','1991-08-07 12:47:42','2014-04-28 11:42:15'),(49,79,'Consequatur quisquam sed molestias voluptates. In alias quia culpa ratione at adipisci optio. Ea harum tenetur aperiam voluptates non id quod nisi. Eos at a odio tempora vel.','1972-12-25 15:19:30','2014-02-13 00:14:02'),(50,62,'Sunt tenetur ipsum corporis dolorem soluta perspiciatis rerum. Non numquam ex perferendis aliquid doloremque.','1990-03-29 04:57:50','2001-04-13 03:28:21'),(51,18,'Nihil amet molestias necessitatibus laudantium perferendis. Amet sed et ut nam et laboriosam accusamus. Quasi molestiae accusantium aspernatur quas eum explicabo quas.','2005-05-05 04:06:26','1975-07-15 20:46:41'),(52,84,'Autem sed numquam et iusto. At quia ab itaque reiciendis. Architecto voluptatem saepe rerum veniam mollitia. Voluptas non aut qui omnis omnis repellat fugit.','1991-11-11 06:54:06','1975-03-23 13:07:11'),(53,16,'Quibusdam cupiditate similique eos quas temporibus sit. Libero rerum aut rem minima. Fuga vel et et. Enim facere eos asperiores fugiat et explicabo placeat.','1992-12-16 09:32:47','2019-01-30 09:40:03'),(54,22,'Optio ea repudiandae placeat quasi pariatur. Et reiciendis nihil repudiandae neque. Quae dignissimos saepe rerum sit harum assumenda corrupti. Harum tempore enim ut dignissimos molestiae quo.','1970-10-28 17:56:20','2016-05-23 01:04:18'),(55,92,'A dicta dicta in error nesciunt. Nisi sequi fugiat quia libero commodi autem. Excepturi qui ad non repudiandae.','1974-04-03 07:12:28','2007-05-03 03:17:23'),(56,69,'Eaque odio quo magni illo impedit laudantium ut. Sint consequatur consequatur quisquam.','2015-07-04 10:19:05','1983-06-02 18:46:11'),(57,25,'Quia ipsum aperiam culpa. Asperiores ratione illo omnis voluptas ipsam repellendus reprehenderit aut.','1990-03-24 14:02:34','2020-11-05 14:13:40'),(58,46,'Et sed et porro hic et et voluptatem. Molestiae at placeat veritatis corrupti. Recusandae sit qui sunt quo reiciendis. Voluptates beatae doloribus alias omnis amet eos.','1991-03-29 11:40:57','1997-06-30 20:03:42'),(59,85,'Tempora et similique velit ex pariatur id laborum. Incidunt omnis odio dicta id eius ipsam ipsam voluptas. Eum dolorum quod et id error non reprehenderit.','2005-08-05 15:02:47','1971-04-14 23:16:13'),(60,31,'Et qui autem debitis et. Officiis quae repudiandae modi provident. Molestias sit cupiditate voluptates error et earum. Nostrum et quas ut quia optio minus.','2007-05-30 11:56:39','1980-03-20 01:30:57'),(61,33,'Rem rem quidem unde aut. Ducimus quaerat corrupti modi impedit et nostrum. Consequatur quos sint quae a.','1990-05-10 08:38:53','1997-02-17 20:37:26'),(62,88,'Voluptatibus reprehenderit in eligendi reprehenderit. Unde illo quo est eos dolorum aut facilis. Ut fugit eos dolores in nihil nulla harum.','1985-02-15 02:24:32','1991-08-04 08:22:14'),(63,1,'Vitae quia voluptatem necessitatibus consequuntur. Quisquam dolorem qui fuga et eveniet distinctio sit necessitatibus. Non ut omnis nemo eum blanditiis quidem provident.','1976-07-28 07:44:33','1998-06-14 22:21:12'),(64,41,'Molestiae consectetur ut praesentium vitae temporibus dolorum est. Numquam sit amet dicta quis dolorem. Voluptatem est ut dolor possimus perferendis.','1978-12-14 11:31:58','1988-09-30 22:32:59'),(65,82,'Dolorem natus est vel consectetur et. Aliquam quis eos quod incidunt voluptas vel. Quasi autem odit eligendi inventore.','2006-06-27 17:47:56','2020-06-15 04:26:38'),(66,47,'Aut dolorem voluptas sunt itaque. Assumenda earum dolor cumque eaque laudantium. Dolorem ut enim cupiditate suscipit debitis blanditiis mollitia atque.','2012-04-10 22:28:27','1978-04-07 00:50:43'),(67,14,'Veritatis eveniet corrupti eaque incidunt iste sapiente. At atque corrupti sint et eligendi qui qui. Aliquam amet ex qui.','1973-02-08 07:42:25','2006-04-11 19:26:05'),(68,37,'Qui non veritatis sed autem sequi quo molestiae repellendus. Aspernatur ea facere ut autem aut ut. Non quia voluptas omnis enim cumque enim veniam. Quisquam porro voluptates ut est enim harum aut.','1998-04-15 06:46:13','2015-08-02 13:09:43'),(69,91,'Voluptatem exercitationem est aliquam nihil non. Commodi eveniet consequatur laudantium beatae illo nobis labore. Et sequi et et. Ex architecto et porro. Temporibus cumque ducimus qui veniam.','1989-11-25 05:46:37','2002-12-26 05:01:05'),(70,61,'Qui et maiores beatae harum repellat ab dolor. Sint alias neque adipisci et et et sint corporis. Dignissimos qui velit inventore qui. Quibusdam temporibus eos excepturi ut. Omnis odio ut eum.','2007-07-08 07:45:15','1987-12-16 08:36:45'),(71,34,'Sed voluptatem eligendi totam ut ut eaque voluptatem. Voluptate est id aut similique. Commodi expedita nesciunt tenetur omnis omnis a minima.','1997-03-24 07:50:15','1977-12-31 08:34:38'),(72,69,'Quisquam repellat nulla officia aut voluptas officiis. Eos facere explicabo nisi sit sapiente debitis sunt ipsam. Sequi quasi quidem velit iusto nemo cum et velit.','2004-07-28 04:12:41','1984-03-18 15:03:21'),(73,12,'Facere eos nostrum adipisci ea et consequuntur nihil impedit. Est quod voluptas ut ea natus aspernatur at. Et suscipit nulla ut quos eum facere id. Aut a est iste voluptas id porro.','1973-06-21 17:13:49','2005-02-28 12:50:45'),(74,72,'Rerum autem recusandae aut odit beatae at nihil. Illo tempora aut ut occaecati laboriosam doloremque consequatur nulla. Consequatur ipsam officiis sequi dolor itaque esse.','1983-11-20 07:15:29','1999-12-26 21:32:17'),(75,18,'Error est nemo ducimus officiis nostrum non quaerat tempora. Error autem mollitia deserunt quo eum. Ex quas omnis deleniti fugit unde sint. Vitae nisi accusamus ut.','1984-06-10 14:07:45','1986-10-17 21:37:34'),(76,18,'Itaque consequatur ducimus architecto. Vel aut qui quod porro quis aut. Dignissimos deleniti accusantium necessitatibus aliquam voluptatem.','1982-07-09 22:29:20','1988-02-18 19:34:05'),(77,50,'Quisquam reprehenderit quisquam hic voluptas. Repellat omnis non nulla impedit minus sit. Officia necessitatibus eos nobis et. Sit neque distinctio inventore voluptatum quis.','2003-04-27 16:03:44','2005-04-24 23:53:52'),(78,15,'Vitae nemo cupiditate error animi et sed ut. Beatae consequatur voluptatum delectus sit dolores. Vitae expedita illo laboriosam animi non possimus vitae architecto. Minus quibusdam dolor est eius.','1990-09-13 04:58:09','1974-07-23 15:38:03'),(79,57,'Fugiat et omnis itaque error officia eveniet. Ad et voluptatibus in aperiam. Qui tempora consequuntur deserunt saepe dolores. Minima blanditiis aliquid molestias doloremque accusamus.','1996-10-25 19:25:03','1992-02-12 13:42:47'),(80,29,'Asperiores minima eum harum. Ea ut deleniti commodi voluptas. Rerum et velit soluta repellendus exercitationem. Accusamus debitis ipsa nostrum asperiores itaque earum.','1988-08-22 09:28:15','2003-10-29 09:50:40'),(81,76,'Fugiat fugit eos in autem. Praesentium natus aut sit aliquam. Enim et aut omnis iure voluptatibus distinctio.','1977-07-08 10:55:53','1979-03-23 00:30:36'),(82,75,'Nisi ullam ut et veritatis. Voluptas voluptatem sed atque vitae officiis. Molestiae quidem non ut unde assumenda qui autem velit.','2015-11-03 23:56:44','2020-05-07 14:26:25'),(83,13,'Excepturi nemo quas aut consequatur eos. Quaerat nobis dicta sequi delectus. Error iusto occaecati repudiandae impedit ab magnam.','2018-04-11 13:20:51','1974-01-17 02:07:01'),(84,91,'Accusantium qui nemo consequatur error cum nihil veritatis. Ratione illum alias numquam aut. Dolores libero qui a alias. Placeat sed ut consequatur.','1976-01-08 07:43:37','1995-03-15 17:52:10'),(85,97,'Beatae hic aut accusantium animi est perspiciatis illo velit. In ut eum similique necessitatibus. Dolorem illo ut dolorem fugiat dolor sapiente.','1989-11-03 06:12:16','1973-09-05 18:07:05'),(86,4,'Quia incidunt enim maiores quo officia. Omnis quis eaque est ex illo. Voluptatum consequatur amet minus repellendus ut debitis id quia.','2017-06-20 00:43:35','1985-02-27 16:32:02'),(87,60,'Repellendus est aut incidunt quod. Culpa aut non distinctio quibusdam fugiat tempore quis. Temporibus ipsum aut vel eius. Non et rerum voluptas velit porro ipsum corporis.','1989-07-08 15:28:47','1997-09-27 22:04:04'),(88,21,'Ad molestiae quo exercitationem libero. Omnis rem aperiam eveniet aut non dolorum ut sequi. Beatae expedita est saepe ut.','1999-09-08 11:18:57','1997-01-09 06:21:30'),(89,50,'Id consequatur ipsa sunt eum quia. Quia vel accusamus nesciunt et rem illum. Reiciendis quis dolore quis exercitationem quod quas. Eveniet aperiam assumenda esse repellat ut velit.','2008-04-10 15:37:09','1977-11-22 12:06:55'),(90,45,'Vitae quae distinctio saepe libero. Est aspernatur necessitatibus neque eveniet sint quam quae. Est doloribus ad distinctio aliquid reiciendis vel.','2013-02-20 02:19:04','1980-04-15 15:20:23'),(91,51,'Assumenda eius ut enim tempora. Possimus ipsum modi nemo velit quae. Sunt ut velit nostrum enim. Distinctio aut ut sunt.','2018-06-07 19:26:58','1987-03-21 13:00:45'),(92,82,'Molestias ad error nesciunt eos voluptas aliquid. Ea ut fugit reiciendis perferendis voluptatum. Sit voluptates rem est exercitationem cumque qui. Delectus doloremque dolor ut aliquam.','1980-07-02 20:08:43','1998-02-21 16:06:02'),(93,33,'Vero inventore ut architecto sequi molestias optio. Non voluptatum fuga eum commodi at perferendis voluptatem. Sit sit et atque labore. Velit qui ea provident.','1991-12-23 13:29:59','1997-01-11 08:11:41'),(94,52,'Nesciunt quisquam sint doloribus asperiores neque debitis aut autem. Repellat est id dolores eius et est et. Est eum eligendi molestiae eligendi et aut.','2015-11-10 01:11:41','2001-04-17 04:35:36'),(95,23,'Est ullam in facere quidem expedita nam dicta. Ut vel ut consequatur nemo id quis at. Itaque iure possimus consequatur sit sint in eveniet excepturi.','1999-12-18 20:32:14','2018-01-30 06:48:59'),(96,14,'Consequatur voluptas qui modi sit. Odio tempore et vel quaerat dolores. Qui quos eum minima qui.','1994-03-27 21:03:39','1995-07-09 20:10:08'),(97,98,'Dolor quas inventore eaque nihil maiores alias quis. Voluptatum sit molestiae neque tempore dolor. Neque amet inventore et aliquid.','1998-05-01 15:25:21','1999-08-28 13:58:58'),(98,36,'Quia id similique voluptatum dolorem voluptas modi saepe. Dolor ut et atque ab recusandae. Pariatur ut voluptas sapiente nihil impedit quaerat. Illo voluptatem voluptas doloribus aut autem et.','1996-08-01 00:45:44','1977-09-03 16:38:54'),(99,50,'Eum sit rerum quo cum. Nobis rerum qui dignissimos eos. Sit odit ad iusto unde sed.','1978-10-06 01:52:00','1984-11-01 17:52:48'),(100,89,'Ut repellat rem iure quia. Fuga nam labore fuga nostrum ratione fuga id. Cupiditate quam voluptatem sit quia maiores libero. Et natus corrupti amet voluptatum illo molestiae officia.','2013-11-06 15:34:06','1981-08-17 17:02:25');
/*!40000 ALTER TABLE `posts` ENABLE KEYS */;
UNLOCK TABLES;

--
-- Table structure for table `users`
--

DROP TABLE IF EXISTS `users`;
/*!40101 SET @saved_cs_client     = @@character_set_client */;
/*!50503 SET character_set_client = utf8mb4 */;
CREATE TABLE `users` (
  `id` bigint unsigned NOT NULL AUTO_INCREMENT,
  `firstname` varchar(50) NOT NULL,
  `lastname` varchar(50) DEFAULT NULL,
  `email` varchar(120) DEFAULT NULL,
  `phone` varchar(20) DEFAULT NULL,
  `birthday` date DEFAULT NULL,
  `hometown` varchar(100) DEFAULT NULL,
  `gender` char(1) DEFAULT NULL,
  `photo_id` bigint unsigned DEFAULT NULL,
  `created_at` datetime DEFAULT CURRENT_TIMESTAMP,
  `password` char(40) DEFAULT NULL,
  PRIMARY KEY (`id`),
  UNIQUE KEY `id` (`id`),
  UNIQUE KEY `email` (`email`),
  UNIQUE KEY `phone` (`phone`),
  KEY `phone_2` (`phone`),
  KEY `users_firstname_lastname_idx` (`firstname`,`lastname`)
) ENGINE=InnoDB AUTO_INCREMENT=201 DEFAULT CHARSET=utf8mb4 COLLATE=utf8mb4_0900_ai_ci;
/*!40101 SET character_set_client = @saved_cs_client */;

--
-- Dumping data for table `users`
--

LOCK TABLES `users` WRITE;
/*!40000 ALTER TABLE `users` DISABLE KEYS */;
INSERT INTO `users` VALUES (1,'Дарья','Попова','rthomazinb@ox.ac.uk','8151557164','1984-11-28','Воронеж','f',NULL,'2020-09-25 22:09:27','32afa0b02c8399d1960509c3fbd4cc75ab4dcce2'),(2,'Ирина','Гончарова','gambridgec@sakura.ne.jp','2907266453','1984-08-24','Самара','f',NULL,'2020-09-25 22:09:27','afd3e457d3b9f6f880623163ea8f72889777a58b'),(3,'Марина','Закусилова','mantosikd@tinypic.com','5949091863','1981-04-16','Новосибирск','f',NULL,'2020-09-25 22:09:27','9154186410a62369bdf4fd2bd632ca3511b270a7'),(4,'Елена','Нагина','rtabere@admin.ch','6966471579','1988-08-10','Пермь','f',NULL,'2020-09-25 22:09:27','9bc443a6e52541784d52b69acc39343526886b11'),(5,'Валерия','Платошкина','ckendellf@bloglines.com','1078902682','1980-01-07','Красноярск','f',NULL,'2020-09-25 22:09:27','229aedb0a417bccab3ee0cbd89a4b1afaa080c51'),(6,'Станислав','Светляков','amckeandg@behance.net','9642922963','1984-05-19','Тюмень','m',NULL,'2020-09-25 22:09:27','584b9241b06cfe87131bfdba7b53e877ec3bd940'),(7,'Ирина','Черникова','csantryh@mit.edu','3118473791','1982-10-20','Екатеринбург','f',NULL,'2020-09-25 22:09:27','129797dcb95127ce0541faa8d91d8f1969da0f45'),(8,'Алиса','Зайцева','dharcasei@dailymotion.com','4568198247','1989-04-03','Воронеж','f',NULL,'2020-09-25 22:09:27','ea63b484704b7a8316da4025260b864453adb948'),(9,'Ольга','Застрожнова','drouthamj@senate.gov','9259428337','1983-05-07','Москва','f',NULL,'2020-09-25 22:09:27','9b1f31426e9caf75d46b9b4a7c58c1941daa33f0'),(10,'Ирина','Сушкова','eshetliff0@virginia.edu','9442875153','1984-12-19','Волгоград','f',NULL,'2020-09-25 22:09:27','9d0f9f7cdbe467af211a5d5bc91e2e16da891521'),(11,'Анна','Бавыкина','ldeguara1@bing.com','6774820315','1982-04-19','Киев','f',NULL,'2020-09-25 22:09:27','3866567f83079af02f517913d98a34e8a5514111'),(12,'Марина','Киреева','cdominick2@cnn.com','4056088011','1984-04-26','Киев','f',NULL,'2020-09-25 22:09:27','37cda6f77b46bb92ebfea535bdd89d6a145ee28a'),(13,'Елена','Михайлова','dbydaway3@hugedomains.com','2159168663','1980-02-08','Красноярск','f',NULL,'2020-09-25 22:09:27','340287d956987900a051e920136b2c1c17351321'),(14,'Любовь','Чиликова','hpullin4@state.gov','2619617364','1983-11-22','Тольятти','f',NULL,'2020-09-25 22:09:27','d4a54226f86124d38f463d60c3658a32be191e0e'),(15,'Елена','Селиванова','lhulme5@tamu.edu','1315489478','1982-03-27','Волгоград','f',NULL,'2020-09-25 22:09:27','4cbd30f625fd3440804baf6f509246e8ff81d46b'),(16,'Сергей','Лисовой','ngrzesiak6@blogspot.com','1253462931','1988-08-03','Краснодар','m',NULL,'2020-09-25 22:09:27','89d65795895ed1c2f48114474ef37c92e1796dee'),(17,'Михаил','Назарьев','ewathall7@slate.com','8696039405','1984-06-06','Волгоград','m',NULL,'2020-09-25 22:09:27','011af674acb2a19440bb6a013d33dd9a231d53a4'),(18,'Алексей','Метлицкий','epindar8@oracle.com','2981339919','1980-04-24','Краснодар','m',NULL,'2020-09-25 22:09:27','e3e589b0cc498fb982ed1cbae5d20d3766e97b36'),(19,'Эльвира','Белоусова','jdelacoste9@chicagotribune.com','4051023201','1987-12-19','Челябинск','f',NULL,'2020-09-25 22:09:27','2def62b6a77064a15b157222f1b43bb538a0293e'),(20,'Екатерина','Власова','sdowgilla@salon.com','7146665929','1984-04-11','Краснодар','f',NULL,'2020-09-25 22:09:27','eb7fabdc4b4f70445a27467544e2a742dfad7bbb'),(21,'Юрий','Волчкевич','mhouchenb@jalbum.net','5826283675','1981-10-15','Воронеж','m',NULL,'2020-09-25 22:09:27','1e65c000a98a92396d4ef31ec8d7740cbf578830'),(22,'Евгений','Волынкин','rcogarc@storify.com','9707035248','1981-03-19','Саратов','m',NULL,'2020-09-25 22:09:27','3627f911a7a4141f007ff0d25aa85f061f734742'),(23,'Владимир','Воробьев','gbartold@guardian.co.uk','8788528067','1980-06-23','Красноярск','m',NULL,'2020-09-25 22:09:27','0be3ef277eac3ac46d547b579848cea67e075952'),(24,'Дмитрий','Лопухов','dcuffline@harvard.edu','7107508285','1983-11-03','Нижний Новгород','m',NULL,'2020-09-25 22:09:27','5d3e5e579aa758ea28c1f53a6de174ee1f714701'),(25,'Ольга','Лохмачева','ctymf@uiuc.edu','6146928162','1980-01-23','Самара','f',NULL,'2020-09-25 22:09:27','f89b2d6443e511fd742d16a5404b19d541f89f10'),(26,'Маргарита','Овчинникова','vshelveyg@census.gov','5013560236','1981-05-20','Киев','f',NULL,'2020-09-25 22:09:27','14aac374085e2782a8f1510f1bf49722b040731c'),(27,'Вячеслав','Погорельский','sworboyh@about.me','6068012327','1988-01-05','Пермь','m',NULL,'2020-09-25 22:09:27','5530cf46cf0b1b5e787723e83012f93a5cd6b832'),(28,'Владимир','Полищук','cmayhoi@xrea.com','6081230164','1987-10-25','Ростов-на-Дону','m',NULL,'2020-09-25 22:09:27','7ee4a9f5be784f551cfcb2d23698bc31b4e4069f'),(29,'Игорь','Токарев','jromushkinj@census.gov','8843970434','1985-07-08','Новосибирск','m',NULL,'2020-09-25 22:09:27','a430faa2a1494af65cfa7cd72a7f46e1fad301c6'),(30,'Евгений','Турбин','npesselk@buzzfeed.com','6414312198','1987-08-18','Москва','m',NULL,'2020-09-25 22:09:27','1fa46ebf47f51c03b98c8379934b4b0182853ec3'),(31,'Анна','Колтакова','nhackettl@omniture.com','9059884608','1989-03-04','Пермь','f',NULL,'2020-09-25 22:09:27','e59558fde6118d3eb58c5b624bedf28b41da0ac7'),(32,'Максим','Попов','cwillimentm@livejournal.com','6549392162','1989-05-01','Санкт-Петербург','m',NULL,'2020-09-25 22:09:27','1bc1a0536d38b6216b74a2819436ba0a925206c8'),(33,'Юлия','Черепнина','civensn@deliciousdays.com','8361146361','1982-04-09','Самара','f',NULL,'2020-09-25 22:09:27','47c16b5079e4409b613bcedfe75fcfa8c486963f'),(34,'Андрей','Мошкин','rbrougho@elegantthemes.com','7586396136','1980-04-06','Екатеринбург','m',NULL,'2020-09-25 22:09:27','ebb1057b6e438535963f3706ba15dd6a2df8926b'),(35,'Евгений','Бучнев','aandersenp@cisco.com','8482399498','1982-01-29','Тюмень','m',NULL,'2020-09-25 22:09:27','9aeec57f845984b9ec57d44acd8d4990b2f21824'),(36,'Екатерина','Кретинина','anorquoyq@home.pl','5605843880','1989-07-09','Пермь','f',NULL,'2020-09-25 22:09:27','b1ac483a02563c28d48284145535076aa39931ab'),(37,'Павел','Трунтаев','bferrieresr@amazon.co.jp','8608680584','1986-03-07','Уфа','m',NULL,'2020-09-25 22:09:27','e430a8c6a2f7272b9e5f295a7ecac609555be589'),(38,'Юлия','Печенкина','soffilers@biblegateway.com','1682297034','1987-03-26','Краснодар','f',NULL,'2020-09-25 22:09:27','8ac622757e94e702a3798d851b21d6d1d3ee5450'),(39,'Михаил','Хрипков','srobilartt@wix.com','4765849891','1987-02-04','Новосибирск','m',NULL,'2020-09-25 22:09:27','44c2349e85e97eda950d824a82ab37c2da75bf92'),(40,'Ольга','Черникова','adabbotdoyleu@latimes.com','3659256004','1980-07-25','Самара','f',NULL,'2020-09-25 22:09:27','151acd87edd4c6d68ce4a92bc846f2abeae49b8e'),(41,'Максим','Бахтерев','gmedlerv@desdev.cn','7849899275','1986-12-27','Санкт-Петербург','m',NULL,'2020-09-25 22:09:27','4613c2845f696b03d37b801e0cdab710fb6beaea'),(42,'Екатерина','Попова','pschonfelderw@icio.us','9788815521','1989-01-09','Нижний Новгород','f',NULL,'2020-09-25 22:09:27','3a4548bbbbed1c9d604750295dd22b34b706427f'),(43,'Марина','Свиридова','klilleyx@ftc.gov','7449749232','1982-12-26','Киев','f',NULL,'2020-09-25 22:09:27','07dc7b613035be338b2d299bf481d9ced8731129'),(44,'Сергей','Цурканов','dtribey@foxnews.com','9461404246','1985-07-24','Киев','m',NULL,'2020-09-25 22:09:27','4f2d890e00efe71d86b23d64aa3ab7c7f6c2262b'),(45,'Алла','Толмачева','alukockz@google.co.jp','5057501481','1984-08-18','Омск','f',NULL,'2020-09-25 22:09:27','cd21e4ceb76f06cbe1d3ecd30345701dfc01f28c'),(46,'Алексей','Суворов','acorrington10@barnesandnoble.com','2034001863','1984-08-12','Санкт-Петербург','m',NULL,'2020-09-25 22:09:27','7fe1c2e54c91bb20754abe19f3633ecb294f69ce'),(47,'Виталия','Бредихина','lradbourn11@diigo.com','5033419317','1988-09-01','Пермь','f',NULL,'2020-09-25 22:09:27','a1313b86956b58564bf1bc069cfdeaec107b235b'),(48,'Елена','Бумакова','hdudeney12@digg.com','6621801231','1987-01-10','Москва','f',NULL,'2020-09-25 22:09:27','b29ff9bce316ab42dfe8b8ae997b551fd05ba3a4'),(49,'Галина','Максимова','bpressnell13@cargocollective.com','9315587169','1988-05-14','Уфа','f',NULL,'2020-09-25 22:09:27','3f88873d6babca57eb1c5371be6a431c415c6ae5'),(50,'Евгения','Мельченко','gtaber14@ask.com','2634109732','1981-07-24','Самара','f',NULL,'2020-09-25 22:09:27','af711421307bf3ea53e2a1fd5c7cdc47bc0464d4'),(51,'Татьяна','Переславцева','harchell15@businessinsider.com','9437670910','1985-08-23','Омск','f',NULL,'2020-09-25 22:09:27','6da0975df3909e3928a20d54fbbca3c0361ff060'),(52,'Татьяна','Ситало','ssullly16@umn.edu','2822890926','1988-02-03','Санкт-Петербург','f',NULL,'2020-09-25 22:09:27','e02ed0156bcadbc65c407e4f6d0c907449dcfb49'),(53,'Ирина','Анисимова','ndunkerly17@elpais.com','6667018887','1989-11-15','Нижний Новгород','f',NULL,'2020-09-25 22:09:27','e08d50568524e1712fd178b2d453eccaec3497d9'),(54,'Наталья','Домарева','bbass18@cloudflare.com','4094890532','1985-09-18','Уфа','f',NULL,'2020-09-25 22:09:27','52bb52432e2afd23c8da1f5587ba6dcfc5321b3e'),(55,'Ирина','Сидельникова','hrivett19@nyu.edu','3198003378','1988-03-18','Красноярск','f',NULL,'2020-09-25 22:09:27','ecabdafeec47fe7ae2303f3482e875ec47a504aa'),(56,'Ираида','Воронюк','bpiggen1a@networkadvertising.org','6147416992','1983-04-04','Москва','f',NULL,'2020-09-25 22:09:27','efaf246cf8b3e0fe4795e9a6bc33e852dcf76bb2'),(57,'Юлия','Азарова','epiers1b@constantcontact.com','5283489590','1983-10-13','Киев','f',NULL,'2020-09-25 22:09:27','c7f7a47fbda0cd6cd1e0d34265521b26dd561592'),(58,'Мария','Ефимова','mizod1c@1und1.de','9077450643','1988-06-04','Киев','f',NULL,'2020-09-25 22:09:27','2cddeecac91feeb2f03c5b2eb5a0cda8407bf25b'),(59,'Юлия','Кондратьева','iwhetnell1d@kickstarter.com','4854790930','1981-07-19','Уфа','f',NULL,'2020-09-25 22:09:27','1e570efd00e3262785cf1dcd9eb0dc4ecb6a213d'),(60,'Юлия','Косарева','clamonby1e@boston.com','5239735195','1987-11-04','Новосибирск','f',NULL,'2020-09-25 22:09:27','659c44b7d1deec5ba15d5c2a24345a655f536cf8'),(61,'Ирина','Лакомова','ssimeons1f@scribd.com','8902784216','1981-11-11','Санкт-Петербург','f',NULL,'2020-09-25 22:09:27','b48da6b9f87aa771566ab1d75cb69081105f6a50'),(62,'Анна','Полуэктова','lroggerone1g@engadget.com','8414878509','1981-10-20','Уфа','f',NULL,'2020-09-25 22:09:27','2d10eec8cdac3f29976908c3efa65aed77028732'),(63,'Ольга','Никулина','astandfield1h@themeforest.net','9347973825','1989-09-28','Омск','f',NULL,'2020-09-25 22:09:27','8113bb2b1039acc5d314fb74840c11963c2d0671'),(64,'Юлия','Максименко','educkit1i@globo.com','4777653528','1987-11-29','Новосибирск','f',NULL,'2020-09-25 22:09:27','49c2e20c7e932772449c133770fcb6fababacdae'),(65,'Татьяна','Асеева','khudless1j@oakley.com','9035161534','1989-05-27','Волгоград','f',NULL,'2020-09-25 22:09:27','5009a649664092e862d0eaaf055391e453889bbb'),(66,'Екатерина','Шипилова','msandiland1k@unesco.org','4366159925','1984-11-30','Пермь','f',NULL,'2020-09-25 22:09:27','94b83db9e43e7aed7fa9bcf13adc71aa179f89cb'),(67,'Елена','Янкова','mtrevers1l@amazon.com','7266747785','1988-11-26','Новосибирск','f',NULL,'2020-09-25 22:09:27','2cee62ceb700cc6f95e628d60a75b17b1732ef65'),(68,'Евгений','Красавин','uruffle1m@free.fr','7366490172','1984-10-16','Ростов-на-Дону','m',NULL,'2020-09-25 22:09:27','b02744a3459bf40c24434c311c7028547ad70889'),(69,'Анна','Яньшина','lpetruskevich1n@statcounter.com','8016989162','1984-11-18','Воронеж','f',NULL,'2020-09-25 22:09:27','3314213f61429d374db27ef36b8caf681f649050'),(70,'Наталья','Мироненко','awinnett1o@hao123.com','5606350937','1986-07-13','Екатеринбург','f',NULL,'2020-09-25 22:09:27','012724188466775fd1b41ce9803a36dca24a63b6'),(71,'Людмила','Дадонова','bfurphy1p@nifty.com','9375852898','1982-06-07','Краснодар','f',NULL,'2020-09-25 22:09:27','9f3614ed85067d90f9a882975f6a8d4dfc3f43df'),(72,'Ольга','Мордасова','sstemp1q@theglobeandmail.com','6523490247','1981-01-16','Краснодар','f',NULL,'2020-09-25 22:09:27','44ffb111616d23edfc480f0639b63d4d065147aa'),(73,'Елена','Рыжкова','gmazin1r@fotki.com','5301390113','1986-06-25','Новосибирск','f',NULL,'2020-09-25 22:09:27','c5e9fcc1e5c3991df06be270bdc1ccb4cd8c5ac1'),(74,'Екатерина','Богомолова','lkrale1s@google.com.br','8271364242','1982-03-10','Пермь','f',NULL,'2020-09-25 22:09:27','99d6158bc261ca00d6dcf348dbf9ea368a1ae46b'),(75,'Марина','Голощапова','ojosefs1t@shinystat.com','3192842536','1988-06-07','Москва','f',NULL,'2020-09-25 22:09:27','7ba41712fe6615ae0cf36ee45daf697ccb143563'),(76,'Инна','Дибцева','apietesch1u@marketwatch.com','4447992090','1986-12-17','Ростов-на-Дону','f',NULL,'2020-09-25 22:09:27','3d7d5ac699eef8151fe1b7bfd533a321b56bb59d'),(77,'Дмитрий','Попов','lgow1v@example.com','7897075774','1981-08-23','Ростов-на-Дону','m',NULL,'2020-09-25 22:09:27','176936e9534c8e4b7fa4e2823745770ee0b64880'),(78,'Галина','Рукавицына','cmarte1w@globo.com','2396829153','1986-03-14','Новосибирск','f',NULL,'2020-09-25 22:09:27','e396e8928248b9331ee11b9c0c5a4653d6ad2fad'),(79,'Никита','Рыкунов','lruddock1x@wikimedia.org','8866042922','1981-09-03','Москва','m',NULL,'2020-09-25 22:09:27','5750b294231512ca402800e4eef400036e08507d'),(80,'Анастасия','Рыкунова','jscirman1y@about.me','9518059825','1989-06-12','Красноярск','f',NULL,'2020-09-25 22:09:27','deb3e4b9c818260e9adf17b225f45234390713cf'),(81,'Юрий','Саблин','tkitchingman1z@omniture.com','9061846141','1988-02-24','Тюмень','m',NULL,'2020-09-25 22:09:27','dc4a7a560f689bf62ddc9aa22bbd64becceffca6'),(82,'Алексей','Самсонов','mlangman20@biblegateway.com','6284148195','1981-07-20','Екатеринбург','m',NULL,'2020-09-25 22:09:27','3b802df74686705a1d5ed6c253b0d588bb02103c'),(83,'Екатерина','Соколова','jtuff21@yandex.ru','6686191671','1984-09-14','Волгоград','f',NULL,'2020-09-25 22:09:27','32800bf3d9a44c1e74c4c697989d4d265c100716'),(84,'Татьяна','Афанасьева','dtidbold22@forbes.com','4804069885','1987-05-15','Москва','f',NULL,'2020-09-25 22:09:27','fb762d0873e171610eace7e45c4728888990524d'),(85,'Алексей','Болгов','hspivie23@artisteer.com','9391944702','1987-11-26','Омск','m',NULL,'2020-09-25 22:09:27','581e202c66b30b0c2382af4e8d3eac3c831d0ddd'),(86,'Дмитрий','Древаль','dsimkiss24@youtu.be','8197243501','1983-01-19','Краснодар','m',NULL,'2020-09-25 22:09:27','6b1258bd81342cb6d68ecb3b2fbeeba913bf70f3'),(87,'Максим','Дубатовкин','ttichelaar25@i2i.jp','1835522933','1985-10-13','Москва','m',NULL,'2020-09-25 22:09:27','0e903f53c20657667ee04e67eba9bf70d13e8248'),(88,'Сергей','Простаков','vbyard26@dedecms.com','3912001914','1980-03-11','Воронеж','m',NULL,'2020-09-25 22:09:27','e0d1f2c5ea78335ecc106a2d371616cedfc21505'),(89,'Александр','Пономарев','lduigenan27@list-manage.com','9018710320','1986-12-08','Саратов','m',NULL,'2020-09-25 22:09:27','8b8123b5ccb6aa6c06dbda8c75f91f62f44d5fe3'),(90,'Андрей','Косяков','svery28@nsw.gov.au','1155125246','1981-11-12','Киев','m',NULL,'2020-09-25 22:09:27','965cbe4558dce829055d547a3866f7d982997940'),(91,'Дмитрий','Косяков','slitzmann29@timesonline.co.uk','4947082181','1983-03-05','Краснодар','m',NULL,'2020-09-25 22:09:27','460c92435c10f0ae5c3bb7596bc3ed757cbee69f'),(92,'Людмила','Скаба','jgiacomini2a@youtu.be','1236239169','1989-01-28','Воронеж','f',NULL,'2020-09-25 22:09:27','a1cc4ab2add1ed470fa93495ece29978a51f8c00'),(93,'Дмитрий','Смольянинов','edurston2b@google.ca','2249473665','1987-10-17','Тольятти','m',NULL,'2020-09-25 22:09:27','1976170ea8cb1a94b5572e5e67baad29c1a569fa'),(94,'Вячеслав','Допперт','kfoulks2c@sphinn.com','8301549057','1981-10-02','Тюмень','m',NULL,'2020-09-25 22:09:27','5de1843e1bce099134f41d1522c17363245fc778'),(95,'Елена','Стрыгина','jboken2d@wordpress.com','1086531264','1988-05-04','Волгоград','f',NULL,'2020-09-25 22:09:27','deddfab8a1ec0d8b3395b3d692ddae01aafcfc22'),(96,'Сергей','Анисимов','gcottage2e@prlog.org','5525263441','1982-03-13','Саратов','m',NULL,'2020-09-25 22:09:27','e6582cbf8420fc471078f4e118fade0afb9830eb'),(97,'Вячеслав','Гамов','hstrotone2f@devhub.com','7393531761','1982-11-10','Красноярск','m',NULL,'2020-09-25 22:09:27','4fdd2cbb6dfa134449dc7c0186f8ab86c56058f2'),(98,'Юрий','Довка','vtremmel2g@ed.gov','6139086790','1980-01-29','Саратов','m',NULL,'2020-09-25 22:09:27','c2230720a13c0dbe4123d982a09fdfb421d85ae1'),(99,'Александр','Калинин','jcarlesso2h@google.co.jp','3392340667','1982-10-29','Воронеж','m',NULL,'2020-09-25 22:09:27','1e32b1e9e9066c24064cafebf9ed40aaf3aa647b'),(100,'Николай','Пивоваров','mrucklidge2i@amazon.co.jp','7988872107','1988-05-20','Краснодар','m',NULL,'2020-09-25 22:09:27','204b2aedb33e12cdf4a3a0e9737e945870b17081'),(101,'Алексей','Тимошенко','aprydie2j@vistaprint.com','6741632937','1989-09-17','Саратов','m',NULL,'2020-09-25 22:09:27','ce449325f74a523bc1556da3d19921c684259925'),(102,'Екатерина','Богомолова','dbeardsall2k@dmoz.org','3151907707','1988-12-27','Тольятти','f',NULL,'2020-09-25 22:09:27','f1967dc12ed090fa0dd7259e2485cce97865e4d1'),(103,'Марина','Голощапова','rbulford2l@goodreads.com','7783646176','1986-02-11','Екатеринбург','f',NULL,'2020-09-25 22:09:27','60ada1812162902fdf036cd8f41aed0b1ae31866'),(104,'Инна','Дибцева','rblankenship2m@aol.com','4963297188','1986-01-05','Волгоград','f',NULL,'2020-09-25 22:09:27','74f7ad69beb17f40608046522c6cfe2ab75ffdfb'),(105,'Дмитрий','Попов','lsiveter2n@cnbc.com','9517280949','1982-02-26','Красноярск','m',NULL,'2020-09-25 22:09:27','c99c810a5782926b16d2aae0f5a029c3ca0de755'),(106,'Галина','Рукавицына','csamples2o@wordpress.com','3923826386','1984-11-06','Челябинск','f',NULL,'2020-09-25 22:09:27','3a19575039593db8300b30e3051cf15890783bbc'),(107,'Никита','Рыкунов','bwhitby2p@furl.net','8487221955','1984-06-03','Краснодар','m',NULL,'2020-09-25 22:09:27','404bb0046780c0377ef1e96ce9001a701668c6c6'),(108,'Анастасия','Рыкунова','sbearman2q@ebay.co.uk','8066940781','1986-02-13','Тюмень','f',NULL,'2020-09-25 22:09:27','2d9f4c408a47c268a31fc39809d2fb04a2a04ec3'),(109,'Юрий','Саблин','kscobie2r@sciencedaily.com','8186433808','1982-11-23','Уфа','m',NULL,'2020-09-25 22:09:27','d0f98fc4b115f0ca2122f1ea0f53cdff006e0a90'),(110,'Алексей','Самсонов','afickena@businessweek.com','1437600801','1986-03-09','Самара','m',NULL,'2020-09-25 22:09:27','a6042fbaffba5d97f05baf9bfe6163722d1d640d'),(111,'Екатерина','Соколова','mbaynhamb@howstuffworks.com','9798286372','1982-08-25','Пермь','f',NULL,'2020-09-25 22:09:27','60fb33d672eff5d474f18309e11320f40b7e7b4f'),(112,'Татьяна','Афанасьева','doxterbyc@ovh.net','5794027202','1981-09-06','Волгоград','f',NULL,'2020-09-25 22:09:27','9967a9836ae9a490691dc6a7abf921c13de7693b'),(113,'Алексей','Болгов','ndurekd@facebook.com','4243478042','1986-08-21','Челябинск','m',NULL,'2020-09-25 22:09:27','f0fe0f1cc166c63a8a8ec4ed6b0d56d4a6dc12c5'),(114,'Дмитрий','Древаль','echildse@sohu.com','7191538491','1983-05-17','Красноярск','m',NULL,'2020-09-25 22:09:27','c94230c5967832c1cab80d57668a6d2418f3ce0e'),(115,'Максим','Дубоваткин','agrigorushkinf@infoseek.co.jp','5466692275','1984-05-26','Волгоград','m',NULL,'2020-09-25 22:09:27','81d0d1ebcd2d75030d7f2fceab8e229e2795b1f2'),(116,'Сергей','Простаков','hmcganng@umn.edu','3805318987','1987-02-03','Уфа','m',NULL,'2020-09-25 22:09:27','b896871061ded2bcdd77430613f262046c0465e5'),(117,'Александр','Пономарев','mcumberpatchh@macromedia.com','9972401583','1984-07-17','Пермь','m',NULL,'2020-09-25 22:09:27','4ecb30007604ee7baf41e5b68cf4bb5e45cfb9c9'),(118,'Максим','Паршин','ebankei@senate.gov','1672124574','1985-04-26','Санкт-Петербург','m',NULL,'2020-09-25 22:09:27','7bc86a9ac9b93f30c1af49c7423cc27c2773bd57'),(119,'Алексей','Петров','tbrandij@cyberchimps.com','6387066678','1987-06-13','Краснодар','m',NULL,'2020-09-25 22:09:27','6b3dd04daee595084ee9ff21279fe2b27cf87d3b'),(120,'Николай','Сидоров','kbarthramk@springer.com','4521952112','1984-09-21','Самара','m',NULL,'2020-09-25 22:09:27','6c99e35fcb1313640ecc9ef074767cd912cb5fa3'),(121,'Александр','Ворфоломеев','snewlandl@qq.com','4552946215','1983-09-08','Челябинск','m',NULL,'2020-09-25 22:09:27','9e27dbd35bf80d7b000b78987f8136742db78694'),(122,'Алексей','Алехин','rstredderm@slideshare.net','5019199432','1981-03-28','Екатеринбург','m',NULL,'2020-09-25 22:09:27','162f709959774d806963d0f4cf7946c3fd2d8a48'),(123,'Екатерина','Паршина','gpimn@github.com','8393364396','1984-05-16','Челябинск','f',NULL,'2020-09-25 22:09:27','6213391ec7ef13d231e308d9e37d27bc3826f5d0'),(124,'Наталья','Трубицына','lbiniono@examiner.com','6376414090','1987-08-20','Москва','f',NULL,'2020-09-25 22:09:27','c416fe919541a2135942fae312c6b9fa450b9910'),(125,'Екатерина','Паршина','jkreberp@i2i.jp','7506356015','1987-08-27','Челябинск','f',NULL,'2020-09-25 22:09:27','59c2c1bab5ce4f157ca65c0008d9dded06f77747'),(126,'Евгения','Кривцова','mburnhamsq@baidu.com','1633500921','1987-11-28','Красноярск','f',NULL,'2020-09-25 22:09:27','d39dd4390bdcd9c5d439c0fe6a3c4a327af221eb'),(127,'Анастасия','Бурмистрова','wlangtreer@example.com','9894901275','1980-11-03','Уфа','f',NULL,'2020-09-25 22:09:27','b703cb35fb2298673e577f461482a2faeaaf1eab'),(128,'Елена','Воронова','cburlays@pen.io','2018695545','1980-04-12','Тольятти','f',NULL,'2020-09-25 22:09:27','b00c41bb74b9ae30d9513d48a1245e618fc5b210'),(129,'Наталья','Заводскова','filymanovt@nydailynews.com','3372167202','1986-10-29','Пермь','f',NULL,'2020-09-25 22:09:27','1b79c1723c0a8c65120d12a6be69a8fb9970a5b6'),(130,'Сергей','Воронин','ckluliseku@theguardian.com','2624066456','1985-06-21','Тюмень','m',NULL,'2020-09-25 22:09:27','d92336e60a1c39ef40a442db8758173836d127ad'),(131,'Юлия','Баранова','fpointinv@yale.edu','8826412568','1986-04-11','Челябинск','f',NULL,'2020-09-25 22:09:27','6b3a60494a2592cf1f643059de580662cc6cc524'),(132,'Марина','Семикоз','hsisnerosw@surveymonkey.com','2822165316','1981-04-23','Самара','f',NULL,'2020-09-25 22:09:27','b8d39e2a6a1b8add765f7f8cc02785f15d692c1c'),(133,'Андрей','Буланый','gbretonx@clickbank.net','1823731974','1989-06-04','Киев','m',NULL,'2020-09-25 22:09:27','83097b2b4d64b3e3c90487facd26beb9515434f4'),(134,'Мария','Тафинцева','smcivery@networkadvertising.org','9835391400','1987-02-07','Екатеринбург','f',NULL,'2020-09-25 22:09:27','97f853a5ca84ffbd28b671b50e4da74c31091289'),(135,'Ольга','Аксененкова','cmacnamaraz@arstechnica.com','3841390714','1984-05-14','Пермь','f',NULL,'2020-09-25 22:09:27','c559cb1c9fc131914c12fe954f336adfcfce9dc0'),(136,'Виктория','Лунева','mseamer10@uol.com.br','7213293360','1985-04-28','Уфа','f',NULL,'2020-09-25 22:09:27','8d9633614bbba01c2321c8ae792e81076353018e'),(137,'Александр','Федоров','mjanew11@tuttocitta.it','5226134225','1986-12-29','Саратов','m',NULL,'2020-09-25 22:09:27','bc80127d933e0d328ecdae39339f46eee4466085'),(138,'Любовь','Корчагина','isibbald12@livejournal.com','9967628912','1980-09-13','Омск','f',NULL,'2020-09-25 22:09:27','83ddcad57c2f0fdad119f7ef5b0868b5bbc6db39'),(139,'Ольга','Щербинина','ocuardall13@mashable.com','9827001278','1983-02-13','Нижний Новгород','f',NULL,'2020-09-25 22:09:27','7d73b3cf8f25f66e0dcda5cdf5b86cc95a40087f'),(140,'Александр','Лебедев','cwelbourn14@unblog.fr','1243478465','1982-09-05','Воронеж','m',NULL,'2020-09-25 22:09:27','7d5b5340ccd8aa195530d45b0d531874c3157744'),(141,'Павел','Островерхов','mheyball15@wordpress.com','9958667317','1980-04-20','Ростов-на-Дону','m',NULL,'2020-09-25 22:09:27','38ceff79c9a3dc3022a29d4a321b8e1c1f9d573c'),(142,'Юлия','Гаршина','wbirth16@virginia.edu','4644317051','1982-11-19','Челябинск','f',NULL,'2020-09-25 22:09:27','0705130b93d6ad48ed4a4cf1121b6c2da22451a5'),(143,'Юлия','Якушева','tpenas17@yahoo.com','5124099962','1986-12-01','Киев','f',NULL,'2020-09-25 22:09:27','a4855604e4b371d4fc08269aadf4e53f41572af2'),(144,'Александр','Поротиков','nwinder18@mail.ru','2443934792','1989-01-27','Ростов-на-Дону','m',NULL,'2020-09-25 22:09:27','7736a217376b568df8b3ccf9abb2b33d369651ab'),(145,'Антон','Гончаров','lforsard19@spotify.com','3353138089','1984-05-12','Воронеж','m',NULL,'2020-09-25 22:09:27','5e89b185348a2952d14d63ca8a8e918cbe76ffb6'),(146,'Юлия','Захарова','sfenech1a@multiply.com','9601298201','1988-05-29','Тюмень','f',NULL,'2020-09-25 22:09:27','29836521a8aaf747e81a4b73815567d2f0c391f2'),(147,'Елена','Тарасова','jlehrle1b@trellian.com','3135058629','1985-05-20','Челябинск','f',NULL,'2020-09-25 22:09:27','1a774e0a50f50122bf651dfcac8fbd7093fbadfe'),(148,'Татьяна','Белоусова','rrowbrey1c@engadget.com','9137682198','1989-04-11','Пермь','f',NULL,'2020-09-25 22:09:27','6612e2fcf05eb06abf6a270836c6bb0929881d2d'),(149,'Кристина','Комова','gboken1d@pbs.org','7535680736','1983-08-14','Санкт-Петербург','f',NULL,'2020-09-25 22:09:27','bb35c705937669867fcb722070e7beb2d10ab622'),(150,'Максим','Никитин','ebakhrushin1e@nationalgeographic.com','7735098294','1980-05-29','Краснодар','m',NULL,'2020-09-25 22:09:27','ae2706b4f4b393f95331b1686ed391bc4d5c997a'),(151,'Оксана','Снегирева','rdrugan1f@domainmarket.com','7267503662','1986-05-20','Волгоград','f',NULL,'2020-09-25 22:09:27','117e128e47bf9990fb42667c532fea870148154e'),(152,'Виктория','Руднева','ladamec1g@businessweek.com','6437005614','1981-06-21','Пермь','f',NULL,'2020-09-25 22:09:27','e161196978199abbf0aae9db3646c92160edb97a'),(153,'Елена','Аржанова','sdehooch1h@liveinternet.ru','3264294858','1980-11-03','Тюмень','f',NULL,'2020-09-25 22:09:27','27a45adcbb383228b8998eb3074059471a3143f0'),(154,'Федор','Шипко','glammertz1i@go.com','8854406327','1989-05-14','Самара','m',NULL,'2020-09-25 22:09:27','f6576f732765b8b40fd758bcc0a83b65dea45ca1'),(155,'Юлия','Тамбовцева','ghuzzey1j@creativecommons.org','5792854326','1983-01-10','Саратов','f',NULL,'2020-09-25 22:09:27','27c2a6980f55455a7de39f0f4afbe96a112ae5c7'),(156,'Ольга','Козаренко','tcubbini1k@list-manage.com','8076928589','1981-09-01','Краснодар','f',NULL,'2020-09-25 22:09:27','8da5db5f87ef06c2f7fb67846068d728e1f4fde2'),(157,'Наталья','Волкова','pdanels1l@studiopress.com','3467878579','1985-12-07','Омск','f',NULL,'2020-09-25 22:09:27','60c3e33d3702766312b99c42d1be3a98b5e3eeaa'),(158,'Юлия','Лысакова','mlarrett1m@china.com.cn','6804310209','1981-06-26','Саратов','f',NULL,'2020-09-25 22:09:27','3cfb6181608ca073d4d59432c71d36ce3fb1bdbe'),(159,'Владимир','Почепцов','dswancott1n@time.com','4101819985','1987-01-02','Нижний Новгород','m',NULL,'2020-09-25 22:09:27','c3b0adc093cbc45a0e02275a13a1f7e3609b257e'),(160,'Евгения','Конникова','cmorsey1o@purevolume.com','4578422856','1989-10-09','Волгоград','f',NULL,'2020-09-25 22:09:27','9f85a0b32ae7fb3e952fa6f38de5a5405fc03810'),(161,'Наталья','Козлитина','bkennler1p@reddit.com','5302291765','1983-03-02','Новосибирск','f',NULL,'2020-09-25 22:09:27','c75642bc2173f416bae563603aef9c3cee7a220e'),(162,'Марат','Назмиев','chuckett1q@istockphoto.com','3696664396','1989-02-16','Санкт-Петербург','m',NULL,'2020-09-25 22:09:27','632cad88930380e011ef6423ac7a615cb62d81c7'),(163,'Дмитрий','Тимашов','dhowbrook1r@go.com','4771920220','1983-02-13','Тюмень','m',NULL,'2020-09-25 22:09:27','38860af616b46f31444b2e0e570318a3b6491f77'),(164,'Александр','Маричев','mosiaghail1s@dagondesign.com','1703242914','1981-08-01','Киев','m',NULL,'2020-09-25 22:09:27','6403618b2d91965c995eeb165fb1810c5494a3e1'),(165,'Дина','Савельева','tvanni1t@soundcloud.com','1277342028','1987-12-03','Ростов-на-Дону','f',NULL,'2020-09-25 22:09:27','1e031de4f2b7a76c2f622b63cb1c6844c90094ec'),(166,'Федор','Шипко','athickin1u@linkedin.com','5234996624','1989-02-21','Санкт-Петербург','m',NULL,'2020-09-25 22:09:27','9f02e6161b06ca3568c93d900f54cf24334c6c97'),(167,'Василий','Безрученко','dhaylands1v@list-manage.com','3877536636','1982-04-26','Санкт-Петербург','m',NULL,'2020-09-25 22:09:27','8b70f86d265f5e021b157d3ead188efb0ea3374f'),(168,'Дмитрий','Литаврин','gtaplow1w@imgur.com','9947066870','1983-05-10','Омск','m',NULL,'2020-09-25 22:09:27','5ea7a3f00a784345a7c7df7dbf303921565c4bf2'),(169,'Константин','Стародубцев','ccatto1x@intel.com','9286831036','1986-08-23','Волгоград','m',NULL,'2020-09-25 22:09:27','fabb15a627158fbc7f8be2119755ef0ecf08e81a'),(170,'Ольга','Кузнецова','jselway1y@odnoklassniki.ru','3532624836','1986-09-15','Нижний Новгород','f',NULL,'2020-09-25 22:09:27','0558138813a372455cce703fefc719b65604da68'),(171,'Антон','Борников','goflaherty1z@umich.edu','7377444639','1983-02-10','Киев','m',NULL,'2020-09-25 22:09:27','73351c9bf23a7e4e03f29ebd37b949ae1b866d09'),(172,'Роман','Тарарыков','bhercules20@ycombinator.com','3451661646','1988-04-13','Саратов','m',NULL,'2020-09-25 22:09:27','ab4de688bf85cf865982dc2f2dc5a7e062ba54e5'),(173,'Ольга','Ищенко','njirzik21@utexas.edu','1132812314','1985-12-04','Екатеринбург','f',NULL,'2020-09-25 22:09:27','843d6df418382066775420211bf9f923b6885c62'),(174,'Павел','Трунтаев','lbradbeer22@pinterest.com','2312476133','1985-05-21','Тольятти','m',NULL,'2020-09-25 22:09:27','a34f88e21214740c1f0713a0b7158f035371ae52'),(175,'Марина','Власова','vtosney23@lycos.com','5978627731','1983-09-18','Санкт-Петербург','f',NULL,'2020-09-25 22:09:27','a90f3046a469a20d596d46f5868a3236cb56b410'),(176,'Сергей','Беляев','pfairnington24@baidu.com','2489356708','1986-07-11','Уфа','m',NULL,'2020-09-25 22:09:27','78239b73d2286ecc07f0931666564f334b39bf0e'),(177,'Татьяна','Морозова','jskellion25@about.me','8806637099','1989-07-02','Екатеринбург','f',NULL,'2020-09-25 22:09:27','ef981b22143faa2ddd2e3e7938bf604de1020059'),(178,'Татьяна','Нестерова','lnealon26@hexun.com','9413536022','1986-05-01','Киев','f',NULL,'2020-09-25 22:09:27','5eccaf8d7038358b307c14336cd565cb49f365c3'),(179,'Евгений','Волынкин','bpresland27@ihg.com','5752887260','1989-09-16','Москва','m',NULL,'2020-09-25 22:09:27','c2b671c251b4ed3838644585b047d0a1a3704133'),(180,'Надежда','Реукова','cemlyn28@wikispaces.com','9404156548','1982-12-22','Киев','f',NULL,'2020-09-25 22:09:27','95c0a7d5089c0ccf6fe8c88113462c2ab6950a17'),(181,'Марина','Лямзина','lokinedy29@aboutads.info','5614317170','1984-02-11','Екатеринбург','f',NULL,'2020-09-25 22:09:27','425f5bab4afc290c1ec5e904cbed27fcf4c97f71'),(182,'Любовь','Карташова','ewestgarth2a@home.pl','9468369832','1981-12-25','Тольятти','f',NULL,'2020-09-25 22:09:27','4b069e5454103bc745477798dd66ea134c242a92'),(183,'Алексей','Золототрубов','adebell2b@netlog.com','2003010211','1984-08-30','Красноярск','m',NULL,'2020-09-25 22:09:27','2d7566a285d69d24b2ad0753bbaeddc945aecc83'),(184,'Татьяна','Гуляева','cwinchcomb2c@friendfeed.com','9006045417','1989-07-27','Воронеж','f',NULL,'2020-09-25 22:09:27','c4ec50ac1c3064f80f4cfd877ba2563928a33e27'),(185,'Юлия','Сысоева','yzanardii2d@google.com.au','9613106434','1987-11-14','Новосибирск','f',NULL,'2020-09-25 22:09:27','87acb7a49196ed113ddf732a9a41a1291a68cb87'),(186,'Александр','Борисов','jpierce2e@ftc.gov','6559915444','1982-05-17','Краснодар','m',NULL,'2020-09-25 22:09:27','10253a915f1b47f3032c84c71d7fd86a5a6624e8'),(187,'Анатолий','Косинов','lbottini2f@whitehouse.gov','3036324530','1983-06-01','Самара','m',NULL,'2020-09-25 22:09:27','d1532c3b8e8682bc769b2606320a1a0f54fc5925'),(188,'Ольга','Меланьина','wweaben2g@amazon.com','3193637029','1981-05-06','Красноярск','f',NULL,'2020-09-25 22:09:27','6df61ed9ad812e2f327ae87bc855302c28f1c2e0'),(189,'Ольга','Дубищева','dborrow2h@oaic.gov.au','3234549546','1987-04-11','Москва','f',NULL,'2020-09-25 22:09:27','4e33f3ac62368f7104b84612d0b1ab5181cdd11b'),(190,'Федор','Шипко','pcoverdill2i@youtube.com','9608691146','1984-06-14','Ростов-на-Дону','m',NULL,'2020-09-25 22:09:27','5ccde04c88913a29f096d5ccfc1e9ec0cce67a71'),(191,'Татьяна','Севостьянова','lbaldam2j@qq.com','8065210191','1980-07-11','Новосибирск','f',NULL,'2020-09-25 22:09:27','26a73caff7a0774d854d085586394becd291dc84'),(192,'Инна','Красникова','rdunstan2k@gmpg.org','2141664371','1987-11-03','Киев','f',NULL,'2020-09-25 22:09:27','b6f4fe122245e18ccbdf12bcf354bd693a87fedc'),(193,'Светлана','Гарьковская','mmcglade2l@google.de','9804639490','1981-05-20','Красноярск','f',NULL,'2020-09-25 22:09:27','c6ae3d969345bc2cacf2cf324468e5bae8fd449c'),(194,'Эльза','Самороковская','fantal2m@hp.com','8894215795','1987-05-10','Красноярск','f',NULL,'2020-09-25 22:09:27','e643ae9bdbefd5da4c4e18a47c46f2db8b33f603'),(195,'Елена','Орлова','brichings2n@dropbox.com','3913069006','1988-08-11','Самара','f',NULL,'2020-09-25 22:09:27','5f37954b9fce380080982e51adba07e0718d0052'),(196,'Галина','Стрельникова','lmundy2o@yellowbook.com','3699040307','2020-09-05','Тюмень','f',NULL,'2020-09-25 22:09:27','0b5fcf87309858b956cc164df1a61acf8ca4773a'),(197,'Светлана','Назарова','aelsom2p@engadget.com','2811501912','1984-04-07','Омск','f',NULL,'2020-09-25 22:09:27','ad20ef3e300cc51ec105d937689feecfca82b66c'),(198,'Антон','Шарыкин','sholleran2q@technorati.com','8866959892','1989-03-04','Санкт-Петербург','m',NULL,'2020-09-25 22:09:27','e28882d420f3f02df4ef85cf57a7900520dd19bf'),(199,'Ирина','Хусаинова','jpalfreeman2r@example.com','6843424170','1983-12-28','Тольятти','f',NULL,'2020-09-25 22:09:27','b607f0f3ba714a20ee76785f523585be6fa4a022'),(200,'Сергей','Сергеев','qwe@asdf.qw','123123123','1983-03-21','Саратов','m',NULL,'2020-09-25 22:09:27','fdkjgsdflskdjfgsdfg142356214');
/*!40000 ALTER TABLE `users` ENABLE KEYS */;
UNLOCK TABLES;

--
-- Table structure for table `users_communities`
--

DROP TABLE IF EXISTS `users_communities`;
/*!40101 SET @saved_cs_client     = @@character_set_client */;
/*!50503 SET character_set_client = utf8mb4 */;
CREATE TABLE `users_communities` (
  `user_id` bigint unsigned NOT NULL,
  `community_id` bigint unsigned NOT NULL,
  PRIMARY KEY (`user_id`,`community_id`),
  KEY `community_id` (`community_id`),
  CONSTRAINT `users_communities_ibfk_1` FOREIGN KEY (`user_id`) REFERENCES `users` (`id`),
  CONSTRAINT `users_communities_ibfk_2` FOREIGN KEY (`community_id`) REFERENCES `communities` (`id`)
) ENGINE=InnoDB DEFAULT CHARSET=utf8mb4 COLLATE=utf8mb4_0900_ai_ci;
/*!40101 SET character_set_client = @saved_cs_client */;

--
-- Dumping data for table `users_communities`
--

LOCK TABLES `users_communities` WRITE;
/*!40000 ALTER TABLE `users_communities` DISABLE KEYS */;
INSERT INTO `users_communities` VALUES (1,1),(9,1),(90,1),(84,2),(46,3),(95,3),(58,4),(71,4),(83,6),(15,7),(14,8),(65,8),(22,9),(63,9),(9,10),(19,10),(42,10),(48,10),(98,10),(9,11),(94,11),(9,12),(16,12),(72,12),(85,12),(41,13),(46,13),(68,13),(3,14),(21,14),(39,14),(49,14),(97,14),(45,15),(54,15),(62,15),(19,16),(6,17),(11,17),(15,19),(11,20),(20,20),(37,20),(96,20),(22,21),(12,22),(49,22),(61,22),(70,22),(71,22),(21,23),(95,23),(41,24),(53,24),(38,25),(55,25),(61,25),(74,25),(19,26),(47,26),(50,26),(3,27),(18,27),(45,27),(46,27),(64,27),(88,28),(13,29),(16,29),(94,29),(98,29),(3,30),(21,30);
/*!40000 ALTER TABLE `users_communities` ENABLE KEYS */;
UNLOCK TABLES;

--
-- Dumping events for database 'snet0611'
--

--
-- Dumping routines for database 'snet0611'
--
/*!40103 SET TIME_ZONE=@OLD_TIME_ZONE */;

/*!40101 SET SQL_MODE=@OLD_SQL_MODE */;
/*!40014 SET FOREIGN_KEY_CHECKS=@OLD_FOREIGN_KEY_CHECKS */;
/*!40014 SET UNIQUE_CHECKS=@OLD_UNIQUE_CHECKS */;
/*!40101 SET CHARACTER_SET_CLIENT=@OLD_CHARACTER_SET_CLIENT */;
/*!40101 SET CHARACTER_SET_RESULTS=@OLD_CHARACTER_SET_RESULTS */;
/*!40101 SET COLLATION_CONNECTION=@OLD_COLLATION_CONNECTION */;
/*!40111 SET SQL_NOTES=@OLD_SQL_NOTES */;

-- Dump completed on 2020-11-24 17:09:17
